Country Code,2000,2001,2002,2003,2004,2005,2006,2007,2008,2009,2010,2011,2012,2013,2014,2015,2016,2017,2018,2019,2020,2021,2022
ABW,73.569,73.647,73.726,73.752,73.576,73.811,74.026,74.21,74.147,74.56,75.404,75.465,75.531,75.636,75.601,75.683,75.617,75.903,76.072,76.248,75.723,74.626,74.992
AFE,51.98698856,52.2122394,52.56278127,53.03630114,53.55188238,54.22294997,55.15771941,55.93783772,56.6807366,57.62151351,58.4103157,59.29331941,60.05152704,60.71002826,61.3388128,61.85685585,62.4446411,62.92481013,63.36703676,63.75475217,63.30979351,62.44909279,62.88846323
AFG,55.298,55.798,56.454,57.344,57.944,58.361,58.684,59.111,59.852,60.364,60.851,61.419,61.923,62.417,62.545,62.659,63.136,63.016,63.081,63.565,62.575,61.982,62.879
AFW,50.19459481,50.53734603,50.89808607,51.37161407,51.7847675,52.30806344,52.79253688,53.20899842,53.59414538,54.11170772,54.50046583,54.96017175,55.28394049,55.61514033,55.86366481,56.13527478,56.51808555,56.82663415,57.12970739,57.50029484,57.18067072,56.94647481,57.58910643
AGO,46.024,46.59,47.386,49.617,50.592,51.57,52.369,53.642,54.633,55.752,56.726,57.596,58.623,59.307,60.04,60.655,61.092,61.68,62.144,62.448,62.261,61.643,61.929
ALB,75.404,75.639,75.89,76.142,76.376,76.621,76.816,77.549,77.653,77.781,77.936,78.092,78.064,78.123,78.407,78.644,78.86,79.047,79.184,79.282,76.989,76.463,76.833
ARB,67.14859466,67.48786771,67.79899226,67.7264644,67.76178998,68.03131069,68.44561526,68.80447718,69.14987017,69.66598991,69.86290765,70.09295008,70.03068135,70.06350949,70.36704165,70.64389168,70.84301911,71.32086973,71.48853851,71.68841844,70.79422343,70.65234704,71.07816994
ARE,74.38,74.636,74.901,76.222,76.453,76.683,76.909,77.129,77.488,78.003,78.334,78.517,78.716,78.853,79.044,79.223,79.335,79.504,79.627,79.726,78.946,78.71,79.196
ARG,73.926,74.186,74.408,74.08,74.855,75.139,75.433,75.006,75.641,75.936,75.721,76.124,76.467,76.491,76.755,76.76,76.308,76.833,76.999,77.284,75.892,75.39,76.064
ARM,70.624,70.932,71.018,71.436,71.421,71.792,71.987,72.327,72.398,72.813,73.16,73.305,73.454,73.676,74.058,74.436,74.664,74.906,75.064,75.439,72.173,72.043,73.372
ATG,74.606,75.078,75.536,75.478,75.672,75.825,75.765,76.131,76.41,76.669,76.82,77.104,77.35,77.583,77.858,77.913,78.152,78.268,78.511,78.691,78.841,78.497,79.236
AUS,79.23414634,79.63414634,79.93658537,80.23902439,80.4902439,80.84146341,81.04146341,81.29268293,81.39512195,81.54390244,81.69512195,81.89512195,82.04634146,82.14878049,82.3,82.4,82.44878049,82.5,82.74878049,82.9,83.2,83.3,83.2
AUT,78.12682927,78.57560976,78.67804878,78.63170732,79.1804878,79.33170732,79.8804878,80.1804878,80.43170732,80.33170732,80.5804878,80.98292683,80.93658537,81.13658537,81.4902439,81.1902439,81.64146341,81.64390244,81.69268293,81.89512195,81.19268293,81.1902439,81.09268293
AZE,64.891,65.51,66.239,66.756,67.346,67.562,68.165,68.603,68.811,69.356,69.529,69.984,70.36,70.881,71.116,71.451,72.004,72.248,72.76,73.102,66.868,69.366,73.488
BDI,47.514,48.431,49.891,50.857,52.01,53.023,53.869,54.727,55.71,56.388,57.081,57.769,58.493,59.235,59.868,60.217,60.793,61.553,61.688,62.351,61.566,61.663,61.977
BEL,77.72195122,77.97317073,78.07560976,78.12926829,78.87804878,78.9804878,79.3804878,79.78292683,79.6804878,80.03414634,80.18292683,80.58536585,80.38536585,80.58780488,81.28780488,80.99268293,81.43902439,81.49268293,81.59512195,81.99512195,80.69512195,81.7902439,81.69756098
BEN,56.578,56.66,56.606,56.738,56.826,57.125,57.456,57.675,57.869,57.956,58.363,58.462,58.716,58.965,59.125,59.377,59.539,59.856,60.14,60.454,60.088,59.821,59.954
BFA,50.847,51.071,51.272,51.793,52.416,53.092,53.742,54.375,55.342,55.959,56.477,57.125,57.619,57.823,58.359,58.845,59.326,59.536,60.047,60.039,59.731,59.27,59.766
BGD,65.779,66.135,66.612,66.824,67.187,67.299,67.241,66.714,67.051,67.403,68.638,68.809,69.554,69.565,69.986,70.491,71.09,71.788,72.567,72.806,71.968,72.381,73.698
BGR,71.66341463,71.76829268,71.86585366,72.06585366,72.56341463,72.56097561,72.61219512,72.66341463,72.96341463,73.41219512,73.51219512,74.16341463,74.31463415,74.86097561,74.46585366,74.61463415,74.81219512,74.81463415,74.96341463,75.11219512,73.65853659,71.46341463,74.36097561
BHR,75.496,75.908,76.088,76.337,76.56,76.931,77.156,77.634,78.084,78.461,78.748,78.89,79.081,79.246,79.328,79.405,79.557,79.689,79.857,80.019,79.174,78.76,79.246
BHS,72.041,72.11,72.232,72.402,72.478,72.765,72.855,72.678,72.667,72.579,72.731,72.564,72.753,73.024,73.366,73.104,73.537,73.632,73.806,71.205,72.677,71.598,74.358
BIH,74.496,75.06,74.612,75.782,76.133,75.42,76.247,76.161,76.838,76.976,77.073,77.007,77.191,76.33,75.659,76.182,76.808,76.935,77.093,77.241,76.225,75.3,75.293
BLR,68.91219512,68.50731707,68.05609756,68.55365854,68.95609756,68.85121951,69.40487805,70.20731707,70.45609756,70.40731707,70.40487805,70.55365854,71.96585366,72.47073171,72.97073171,73.62439024,73.82682927,74.12926829,74.17560976,74.22682927,72.45721951,72.37068293,73.11146341
BLZ,68.564,68.357,68.752,68.909,69.227,69.376,70.093,70.655,71.151,71.819,72.272,72.651,73.245,73.666,73.311,73.187,73.399,73.562,73.703,73.931,72.854,70.47,70.962
BMU,78.858,79.871,80.631,79.345,81.12,77.927,77.585,79.361,78.623,79.996,80.499,81.403,81.272,79.992,79.518,80.918,80.608,82.351,80.825,81.033,81.136,79.28,81.571
BOL,62.346,62.843,63.306,63.635,64.004,64.386,64.779,65.027,65.446,65.88,66.162,66.534,66.705,67.021,67.163,67.318,67.628,67.701,67.748,67.841,64.467,63.63,64.928
BRA,69.737,70.195,70.41,70.72,71.131,71.753,72.037,72.365,72.715,72.948,73.182,73.343,73.552,73.918,74.306,74.332,74.442,74.827,75.109,75.338,74.009,72.75,73.425
BRB,74.089,74.247,74.366,74.472,74.727,74.89,75.068,75.342,75.447,75.678,75.712,75.917,76.099,76.275,76.476,76.65,76.815,76.936,77.067,77.257,77.393,77.571,77.706
BRN,74.08,74.276,74.426,74.561,74.65,74.731,74.783,74.818,74.84,74.846,74.849,74.858,74.827,74.799,74.779,74.75,74.733,74.722,74.712,74.748,74.795,74.642,74.551
BTN,62.01,63.444,64.078,64.696,65.268,65.805,66.362,66.954,67.499,67.897,68.43,68.881,69.326,69.707,70.049,70.343,70.602,70.847,71.129,71.391,71.609,71.815,72.229
BWA,51.011,50.676,50.632,50.947,51.617,52.61,53.918,55.732,57.121,58.279,60.013,60.53,60.8,61.996,62.608,63.818,65.464,66.753,65.422,65.464,65.647,61.141,65.913
CAF,45.406,45.393,45.409,45.76,46.038,46.433,46.851,47.426,48.016,48.648,49.255,49.948,50.686,50.902,50.566,52.793,53.46,53.721,54.369,55.025,54.604,53.895,54.477
CAN,79.16682927,79.39804878,79.53073171,79.71512195,79.99219512,80.11268293,80.54365854,80.54365854,80.72463415,81.06609756,81.32219512,81.48268293,81.66365854,81.74487805,81.78439024,81.81560976,81.92487805,81.83292683,81.84390244,82.22390244,81.6604878,81.58707317,81.29560976
CEB,72.71972472,73.09614819,73.24241549,73.38225278,73.73043493,73.84499514,74.09260273,74.25064872,74.57595268,74.93036393,75.29396578,75.88847488,75.9934242,76.355001,76.67533826,76.57152402,76.9691216,76.92764885,76.97576477,77.26553343,76.08020663,74.7920383,76.78573806
CHE,79.6804878,80.1804878,80.38536585,80.53658537,81.08780488,81.23658537,81.4902439,81.74146341,81.99268293,82.04390244,82.24634146,82.69512195,82.69756098,82.79756098,83.19756098,82.89756098,83.60243902,83.55121951,83.75365854,83.90487805,83,83.75121951,83.45365854
CHI,79.155,79.277,78.906,79.618,80.125,80.344,80.694,81.166,81.317,80.995,81.12,81.726,81.339,81.516,81.884,81.433,81.366,81.331,81.375,81.39,81.264,81.232,81.583
CHL,76.87,76.773,77.445,77.387,77.616,78.016,78.261,77.826,78.484,78.741,78.501,79.11,79.023,79.339,79.473,79.746,80.079,80.35,80.133,80.326,79.377,78.944,79.519
CHN,71.881,72.606,72.985,73.371,73.748,74.111,74.504,74.762,74.872,75.343,75.599,75.903,76.192,76.452,76.717,76.977,77.218,77.248,77.744,77.968,78.077,78.211,78.587
CIV,50.842,50.81,50.886,50.954,51.363,51.824,52.355,52.97,53.653,54.394,55.023,55.52,56.158,56.748,57.208,57.762,58.06,58.48,58.849,59.319,59.032,58.598,58.916
CMR,52.932,53.142,53.415,53.883,54.178,54.362,54.856,55.165,55.655,56.102,56.582,57.133,57.792,58.476,58.935,59.658,60.233,60.81,61.18,61.584,60.833,60.333,60.958
COD,51.781,52.116,52.333,52.827,53.426,53.927,54.534,54.923,55.339,55.836,56.417,57.069,57.248,57.762,58.296,58.49,59.066,59.411,59.942,60.276,59.739,59.193,59.743
COG,53.682,54.395,55.088,55.948,56.986,58.126,58.878,59.643,60.426,61.088,61.683,61.992,62.317,62.695,62.95,63.233,63.577,63.76,64.053,62.747,63.785,63.519,63.053
COL,71.32,71.502,71.939,72.361,72.695,73.081,73.468,73.837,74.295,74.742,75.033,75.32,75.597,75.827,76.043,76.257,76.471,76.646,76.748,76.752,74.769,72.83,73.659
COM,58.757,59.163,59.056,59.258,59.48,59.604,59.875,60.102,60.475,60.831,61.123,61.503,61.834,62.224,62.516,62.896,63.237,63.625,63.912,64.068,64.166,63.417,63.68
CPV,68.618,69.929,70.705,71.429,71.999,72.68,72.239,72.835,72.508,73.088,73.499,74.257,74.484,75.059,75.24,74.62,75.742,76.593,75.733,76.004,74.808,74.052,74.722
CRI,77.586,77.545,77.983,78.072,78.331,78.505,78.514,78.462,78.445,78.672,78.67,79.348,79.283,79.403,78.774,79.086,79.459,79.377,79.484,79.427,79.277,77.023,77.32
CSS,68.52943333,68.67232986,68.79524782,68.82698278,69.17036542,69.51518524,69.93325489,70.33473023,70.60712109,70.90500024,71.08359128,71.19074884,71.34165912,71.43611221,71.62302567,71.86747336,72.20715518,72.4332462,72.69457605,72.35923071,72.3087596,70.44500181,70.98402478
CUB,76.183,76.421,76.612,76.773,76.912,77.047,77.179,77.307,77.429,77.548,77.661,77.76,77.833,77.87,77.853,77.772,77.643,77.529,77.496,77.611,77.567,73.683,78.155
CUW,73.03395122,73.1107561,73.21153659,73.3535122,73.42892683,73.56570732,74.7097561,75.36341463,75.3097561,76.15609756,,77.47317073,77.52439024,77.82682927,77.97560976,78.07560976,77.7195122,78.01707317,,,,,
CYP,76.568,76.989,77.487,77.788,77.944,78.101,78.371,78.81,78.981,79.401,79.665,79.999,80.109,80.402,80.771,80.966,81.056,81.328,81.382,81.397,81.391,81.203,81.889
CZE,74.96829268,75.17317073,75.22195122,75.17073171,75.72195122,75.92439024,76.52439024,76.72439024,76.97560976,77.07804878,77.42439024,77.87317073,78.07560976,78.17560976,78.82439024,78.57804878,79.02682927,78.97804878,79.02926829,79.22926829,78.17560976,77.22195122,79.02926829
DEU,77.92682927,78.32926829,78.22926829,78.3804878,78.6804878,78.93170732,79.13170732,79.53414634,79.73658537,79.83658537,79.98780488,80.43658537,80.53902439,80.4902439,81.0902439,80.64146341,80.9902439,80.99268293,80.89268293,81.29268293,81.04146341,80.7902439,80.70560976
DJI,56.573,56.903,57.215,57.595,57.759,58.316,58.715,59.024,59.365,59.673,60.259,60.433,60.848,61.221,61.641,61.957,62.191,62.797,63.038,63.085,62.694,62.305,62.859
DMA,72.693,71.713,72.34,71.438,72.401,72.254,72.848,71.93,73.305,72.17,71.55,69.695,70.538,68.896,69.434,68.727,70.128,67.525,73.59,73.559,73.649,72.814,72.981
DNK,76.59268293,76.79268293,76.89512195,77.14390244,77.49268293,77.84390244,78.09512195,78.19512195,78.44634146,78.59756098,79.1,79.8,80.05121951,80.3,80.7,80.70243902,80.85365854,81.10243902,80.95365854,81.45121951,81.60243902,81.40487805,81.30487805
DOM,69.423,69.642,69.923,70.265,70.331,70.875,71.165,71.371,71.658,71.871,72.093,72.221,72.514,72.713,72.867,72.953,72.987,73.063,73.232,73.577,72.889,72.615,74.17
DZA,70.478,70.823,71.23,71.287,71.762,72.061,72.334,72.602,72.941,73.62,73.808,74.123,74.202,74.615,75.11,75.622,75.732,75.743,76.066,76.474,74.453,76.377,77.129
EAP,70.55580373,71.14385755,71.49077613,71.9405074,72.01695943,72.54739959,72.89886245,73.14220661,73.09226061,73.64240041,73.86837244,74.13831475,74.38617383,74.63415164,74.89245781,75.11191197,75.31096517,75.37579264,75.79141602,75.99267309,75.92609751,75.5328901,76.16769681
EAR,64.4993929,64.81634226,65.2219575,65.51752437,65.73923373,66.18648497,66.58526329,66.87445877,67.06888942,67.51460866,67.85096639,68.27591159,68.65737267,69.05082042,69.46863523,69.85366623,70.19835966,70.51802535,70.768483,70.98565035,70.001773,68.43440664,69.2787026
EAS,71.54352595,72.10349226,72.4407949,72.85620852,72.95352504,73.43127282,73.7841091,74.02737107,73.99826496,74.52442681,74.72553257,74.96164487,75.21909906,75.46748828,75.71931522,75.93659679,76.12595652,76.20114243,76.58290045,76.78731014,76.74889954,76.38217287,76.89088032
ECA,68.89499096,69.19642205,69.5030065,69.7466064,70.0089215,70.07819276,70.38398152,70.68240288,70.97915313,71.46399175,71.86377031,72.06339181,72.52534175,72.93068982,73.16179602,73.33477791,73.54637888,73.89128591,74.08647585,74.31320903,72.65485603,72.57567848,74.02883345
ECS,73.12077727,73.38027631,73.49023487,73.59989719,74.03991792,74.17983448,74.6776962,75.0355919,75.29838657,75.68906083,75.97642291,76.45011539,76.63379537,76.97565127,77.28471857,77.21959605,77.55287464,77.76289083,77.89543781,78.16880061,76.94029382,76.65675851,77.80518715
ECU,72.839,73.24,73.613,73.975,74.279,74.514,74.689,74.844,74.983,75.184,75.43,75.743,76.062,76.369,76.622,76.789,76.763,76.972,77.094,77.297,72.153,73.67,77.894
EGY,68.007,68.308,68.564,68.402,68.613,68.779,68.977,69.128,69.319,69.48,69.664,69.88,70.085,70.052,70.415,70.483,70.844,71.302,71.367,71.358,70.99,70.221,70.159
EMU,78.19590477,78.54000172,78.63018724,78.65202609,79.22823708,79.37061247,79.80318273,80.04332536,80.24670562,80.4506803,80.69360989,81.17782982,81.1741991,81.45918711,81.89006803,81.5193422,81.90935423,81.88638059,82.00557452,82.28309581,81.49492122,81.59502939,81.7018565
ERI,56.111,58.298,58.811,59.409,59.899,60.597,61.611,62.116,62.573,63.328,63.787,64.402,64.838,65.067,65.6,66.033,66.289,66.577,67.067,67.3,67.133,66.536,66.604
ESP,78.96585366,79.36829268,79.56829268,79.6195122,79.87073171,80.17073171,80.82195122,80.87317073,81.17560976,81.47560976,81.62682927,82.47560976,82.42682927,83.07804878,83.22926829,82.83170732,83.32926829,83.28292683,83.43170732,83.83170732,82.33170732,83.22926829,83.08292683
EST,70.41707317,70.25853659,70.90487805,71.31707317,71.9097561,72.56829268,72.69146341,72.81463415,73.77073171,74.82439024,75.42926829,76.22926829,76.32682927,77.14146341,77.03414634,77.5902439,77.64146341,78.09268293,78.24390244,78.64634146,78.59512195,76.94390244,77.94390244
ETH,50.538,51.043,51.517,52.533,53.235,54.008,55.149,56.426,57.592,58.804,59.73,60.721,61.543,62.373,62.905,63.649,64.392,64.838,65.412,65.838,65.371,64.975,65.645
EUU,77.07530499,77.42293873,77.53098695,77.58931055,78.11445906,78.27139627,78.66798169,78.9017949,79.1252751,79.35761514,79.63001347,80.13872197,80.15769239,80.46493829,80.87225824,80.56885251,80.95175044,80.92882744,81.02942567,81.31559721,80.45193357,80.32536449,80.80098604
FCS,55.46962636,55.69061398,56.10903267,56.37671914,56.61904039,57.00946316,57.49864688,57.96503713,57.98083661,59.01491046,59.26580792,59.92282904,60.1278157,60.42750289,60.67256445,60.9705211,61.24987362,61.61591052,61.92750606,62.2300397,61.73309787,61.23201754,61.79320153
FIN,77.46585366,77.96585366,78.1195122,78.36829268,78.71463415,78.81707317,79.21463415,79.26341463,79.56829268,79.7195122,79.87073171,80.47073171,80.62682927,80.97560976,81.1804878,81.4804878,81.42926829,81.63170732,81.73414634,81.98292683,81.93170732,81.88536585,81.18780488
FJI,66.31,66.34,65.748,66.177,66.424,66.632,66.855,66.826,66.935,67.089,67.328,67.523,67.552,67.428,67.376,66.844,67.24,67.79,67.81,67.893,67.924,67.114,68.312
FRA,79.05609756,79.15853659,79.26097561,79.11463415,80.16341463,80.16341463,80.81219512,81.11219512,81.21463415,81.41463415,81.66341463,82.11463415,81.96829268,82.2195122,82.7195122,82.32195122,82.57317073,82.57560976,82.67560976,82.82682927,82.17560976,82.32439024,82.22926829
FRO,78.43658537,78.64146341,78.84390244,78.94390244,79.09268293,79.2902439,79.63902439,79.98780488,80.13658537,80.33658537,80.63658537,80.88780488,81.1902439,81.44146341,81.59268293,81.79268293,82.04390244,82.24390244,82.49512195,82.64634146,82.89756098,83.09756098,83.3
FSM,69.769,70.479,69.46,70.76,70.838,70.884,71.093,71.06,71.137,71.112,71.233,71.318,71.398,71.499,71.529,71.408,71.595,71.467,71.318,71.077,70.674,70.71,70.925
GAB,61.069,61.27,61.292,61.671,61.838,61.959,62.375,62.618,63.083,63.303,63.898,64.045,64.587,64.776,64.974,65.46,65.802,66.189,66.306,66.603,66.531,65.821,65.694
GBR,77.74146341,77.99268293,78.14390244,78.44634146,78.74634146,79.04878049,79.24878049,79.44878049,79.6,80.05121951,80.40243902,80.95121951,80.90487805,81.00487805,81.30487805,80.95609756,81.15609756,81.25609756,81.25609756,81.40487805,80.35121951,80.7,82.05853659
GEO,69.575,69.606,70.024,70.333,70.567,71.13,71.394,71.568,71.332,71.95,72.128,72.39,72.412,72.628,73.099,73.297,73.569,73.57,73.341,73.47,72.765,71.694,71.587
GHA,58.195,58.107,58.608,59.111,59.191,59.76,59.988,60.224,60.49,60.946,61.157,61.652,62.081,62.42,63.045,63.175,63.89,64.013,64.122,64.74,64.114,63.795,63.945
GIB,81.37,81.087,80.26,79.694,80.948,81.442,80.393,78.514,80.13,81.243,80.958,81.871,83.366,80.55,81.882,80.427,81.702,81.83,82.154,82.363,82.198,79.329,82.83
GIN,52.479,52.662,53.278,53.678,54.117,54.632,55.108,55.553,56.044,56.348,56.72,57.019,57.406,57.791,57.886,58.134,58.763,59.109,59.349,59.72,59.327,58.892,58.985
GMB,56.942,57.043,57.08,57.586,58.088,58.394,59.06,59.394,60.082,60.427,60.717,61.526,62.096,62.114,62.269,62.494,63.013,62.995,63.04,63.755,62.612,62.083,62.906
GNB,50.121,50.445,50.986,51.405,52.15,52.249,53.371,54.155,54.646,55.541,56.23,56.967,57.69,58.232,58.61,59.128,59.674,60.066,60.502,60.882,59.999,59.652,59.861
GNQ,53.226,53.636,54.085,54.581,55.036,55.464,56.046,56.54,57.074,57.431,57.878,58.412,58.865,59.224,59.595,60.103,60.479,60.821,61.191,61.644,60.708,60.594,61.19
GRC,77.88780488,78.38780488,78.64146341,78.84146341,79.03902439,79.23902439,79.43902439,79.43902439,79.93902439,80.18780488,80.38780488,80.73170732,80.63414634,81.28536585,81.38536585,81.03658537,81.38780488,81.28780488,81.78780488,81.63902439,81.28780488,80.08292683,80.63658537
GRD,72.783,73.118,73.167,73.188,71.788,73.521,73.7,74.317,74.656,75.036,74.999,75.295,75.042,75.116,74.985,75.013,74.762,74.765,74.808,74.863,74.924,74.936,75.335
GRL,66.09902439,66.19658537,66.61170732,67.18170732,67.72634146,68.23512195,68.61658537,69.04829268,69.37,69.7795122,70.08073171,70.26487805,70.54634146,70.83853659,71.06097561,71.47902439,71.83853659,71.93219512,71.96756098,71.94439024,71.85073171,71.81390244,71.5404878
GTM,67.446,67.946,68.386,68.797,69.165,69.168,69.812,70.1,70.356,70.641,70.878,71.177,71.463,71.728,71.964,72.103,72.355,72.551,72.726,73.129,71.797,69.237,68.674
GUM,74.417,75.41,75.793,76.504,76.923,77.182,77.136,77.098,77.185,77.094,76.879,76.872,76.707,76.72,76.749,76.616,76.877,77.155,77.439,77.717,76.612,76.656,78.33
GUY,64.483,64.788,64.728,64.6,64.93,65.132,65.667,66.254,66.288,66.563,66.743,66.982,67.23,67.473,67.882,68.201,68.384,68.667,68.896,69.124,68.486,65.673,65.989
HIC,76.03165878,76.29703746,76.42188882,76.52779485,76.96951774,77.089639,77.51857606,77.82920901,78.02214903,78.37596816,78.56566058,78.90299622,79.05312618,79.28172118,79.52694343,79.47288626,79.66651543,79.78947723,79.89729191,80.1395351,79.14331314,78.79808772,79.50663078
HKG,80.87317073,81.41926829,81.45219512,81.34341463,81.79926829,81.60902439,82.38487805,82.36682927,82.3404878,82.77512195,82.95756098,83.41195122,83.4502439,83.83121951,83.93560976,84.25268293,84.21146341,84.69560976,84.8697561,85.15585366,85.49634146,85.53268293,83.66097561
HND,68.662,69.006,69.366,69.507,69.796,70.104,70.261,70.376,70.441,70.911,71.088,71.439,71.734,71.963,72.259,72.487,72.588,72.692,72.814,72.881,71.462,70.123,70.728
HPC,52.66250816,53.13001285,53.62645988,54.21877021,54.72331943,55.38882408,56.21776082,56.87331928,57.48548886,58.22467454,58.56677896,59.46018273,60.06229965,60.62744052,61.13061197,61.59466816,62.14165853,62.52951704,62.92715497,63.31810646,62.74482435,62.28527239,62.82528406
HRV,72.80780488,74.51292683,74.71731707,74.61390244,75.5202439,75.24463415,75.83682927,75.70560976,75.91219512,76.16829268,76.47560976,76.77560976,76.92439024,77.12682927,77.47804878,77.27560976,78.02195122,77.82682927,78.07073171,78.42439024,77.72439024,76.42439024,77.57560976
HTI,58.365,58.489,58.855,59.507,58.475,60.415,60.763,61.103,61.332,61.741,46.019,61.623,62.291,62.605,62.987,63.237,63.392,63.854,64.019,64.255,64.052,63.192,63.728
HUN,71.24634146,72.24878049,72.34878049,72.3,72.64878049,72.64878049,73.09756098,73.15121951,73.70243902,73.90487805,74.20731707,74.85853659,75.06341463,75.56585366,75.76341463,75.56829268,76.06341463,75.81707317,76.06585366,76.3195122,75.56829268,74.16341463,76.01707317
IBD,68.25027914,68.6621331,68.99450367,69.26242164,69.50551756,69.92756566,70.28351594,70.57432317,70.79198426,71.16925785,71.45308145,71.79475314,72.14033153,72.48846101,72.84458309,73.1441346,73.41142798,73.63305168,73.92493506,74.12058147,73.37007893,72.12621248,72.91349053
IBT,65.67950902,66.05832715,66.37996494,66.65936923,66.89305789,67.2884178,67.68327692,67.96052001,68.14381178,68.56625074,68.86379014,69.23189046,69.5473997,69.87082985,70.19521787,70.48082224,70.76211897,70.99950743,71.27701401,71.48136415,70.7793626,69.74753577,70.46714679
IDA,56.6445133,57.01984524,57.42133655,57.85609929,58.16989282,58.58879672,59.22609147,59.57794536,59.76612959,60.43975435,60.8856976,61.4347136,61.74873327,62.07471645,62.38565447,62.71579302,63.12752248,63.50224975,63.83727258,64.16986282,63.71013246,63.36181866,64.00743325
IDB,55.70836041,55.94406089,56.28850192,56.60673927,56.93236384,56.97556283,57.77906294,58.03687414,58.33519521,58.67515533,59.01776896,59.39800391,59.59446216,59.90649344,60.07775222,60.31579225,60.52456026,60.84466993,61.05433934,61.31925857,61.00474407,60.68238881,61.28943344
IDN,66.433,66.758,67.134,67.413,65.75,67.649,67.914,68.189,68.226,68.494,68.679,68.823,68.973,69.264,69.533,69.699,69.798,69.936,70.338,70.518,68.808,67.57,68.25
IDX,57.11005299,57.55647545,57.98698601,58.48038981,58.78955425,59.39806145,59.95303722,60.35444104,60.48987184,61.33551354,61.83715933,62.47440601,62.84928473,63.1833327,63.5651602,63.94039314,64.45157476,64.84974984,65.24390358,65.60537274,65.06782657,64.70288799,65.36422242
IMN,74.725,75.51,75.42,76.096,76.966,77.623,78.191,78.331,78.449,78.681,78.983,79.19,79.337,79.473,80.037,78.905,80.314,80.457,80.596,80.737,80.588,80.525,80.762
IND,62.669,63.091,63.616,64.094,64.524,64.996,65.412,65.788,66.149,66.513,66.909,67.359,67.887,68.46,69.074,69.636,70.117,70.467,70.71,70.91,70.15,67.24,67.744
IRL,76.53658537,77.13414634,77.63414634,78.13902439,78.53902439,78.94390244,79.24146341,79.64146341,80.09512195,80.1902439,80.74390244,80.74634146,80.84634146,80.94878049,81.34878049,81.45365854,81.65365854,82.15609756,82.20487805,82.70243902,82.55609756,82.35365854,83.05609756
IRN,69.691,69.955,70.445,69.823,71.37,71.838,72.276,72.772,72.624,72.698,73.069,73.679,74.186,74.449,74.782,75.124,75.6,75.971,76.195,76.103,74.832,73.875,74.556
IRQ,66.817,67.034,67.084,65.643,65.031,64.844,63.587,63.553,64.942,66.446,67.062,67.659,68.023,68.253,68.914,69.44,68.988,70.413,71.514,71.576,69.123,70.378,71.336
ISL,79.65365854,80.6902439,80.50243902,80.96341463,80.99756098,81.50243902,81.15853659,81.45365854,81.6097561,81.75121951,81.89756098,82.35853659,82.91707317,82.06097561,82.86097561,82.46829268,82.20487805,82.66097561,82.86097561,83.16341463,83.06341463,83.16585366,82.17073171
ISR,78.95365854,79.40731707,79.45121951,79.64878049,80.14634146,80.15121951,80.55365854,80.50487805,80.95121951,81.40487805,81.60243902,81.65609756,81.70487805,82.05609756,82.15365854,82.05121951,82.40731707,82.55121951,82.80243902,82.80487805,82.64878049,82.5,82.7
ITA,79.77804878,80.12682927,80.22926829,79.98292683,80.7804878,80.78292683,81.28292683,81.43414634,81.48536585,81.63658537,82.03658537,82.18780488,82.23902439,82.6902439,83.0902439,82.54390244,83.24390244,82.94634146,83.34634146,83.49756098,82.19512195,82.64634146,82.9
JAM,70.944,70.758,70.888,70.806,70.86,71.044,71.199,71.418,71.612,72.124,72.622,73.094,73.433,73.412,72.982,72.394,72.02,71.911,71.793,71.767,71.869,70.5,70.629
JOR,71.918,72.147,72.359,72.573,72.772,72.932,73.145,73.373,73.591,73.801,74,74.189,74.366,74.562,74.789,75.011,75.215,75.502,75.774,76.044,75.184,74.256,74.215
JPN,81.07609756,81.41634146,81.69073171,81.76,82.0302439,81.95512195,82.32195122,82.50707317,82.58756098,82.93146341,82.84268293,82.59121951,83.09609756,83.33195122,83.58780488,83.79390244,83.98487805,84.0997561,84.21097561,84.35634146,84.56,84.44560976,83.99634146
KAZ,65.45,65.76,65.95,65.74,66.06,65.86,66.15,66.34,67.11,68.39,68.45,68.69,69.52,70.62,71.44,71.97,72.41,72.95,73.15,73.18,71.37,70.23,74.44
KEN,54.411,54.508,54.99,55.601,56.361,57.344,58.222,58.865,59.614,60.365,60.649,61.046,61.115,61.389,61.816,61.892,62.163,62.481,62.676,62.943,62.675,61.427,62.055
KGZ,68.55853659,68.70731707,68.15609756,68.25609756,68.15365854,67.95609756,67.69512195,67.89512195,68.45121951,69.10243902,69.3,69.60243902,70.00243902,70.20243902,70.40243902,70.65121951,70.95121951,71.2,71.4,71.6,71.8,71.9,72.04878049
KHM,58.625,59.966,61.226,62.523,63.552,64.293,65.059,65.731,66.47,67.444,67.712,68.416,68.915,69.304,69.736,69.873,70.224,70.515,70.561,70.692,70.416,69.584,69.896
KIR,64.409,64.655,64.84,64.954,64.989,64.967,64.906,64.844,64.834,64.892,65.016,65.19,65.378,65.588,65.815,66.059,66.332,66.597,66.855,67.15,67.266,67.417,67.661
KNA,69.781,70.2,70.452,70.768,71.303,71.362,71.288,71.367,71.374,71.393,71.27,71.538,71.669,71.457,70.966,70.763,71.74,71.84,71.467,71.572,71.627,71.682,72.027
KOR,75.9097561,76.41219512,76.76585366,77.21463415,77.66585366,78.16829268,78.66829268,79.1195122,79.51707317,79.96829268,80.11707317,80.56829268,80.8195122,81.27073171,81.72195122,82.02439024,82.27560976,82.62682927,82.62682927,83.22682927,83.42682927,83.52682927,82.6804878
KWT,76.722,76.891,76.982,76.985,76.792,76.903,76.887,77.017,77.145,77.442,77.982,78.464,78.812,79.164,79.445,79.562,79.701,79.781,79.722,79.685,76.92,78.673,80.264
LAC,70.91765861,71.26523767,71.54756405,71.78980226,72.1004688,72.47973319,72.70254497,72.85155749,73.10885339,73.31346297,73.18584517,73.7000283,73.94315509,74.19507032,74.4309457,74.47397188,74.4715396,74.64059608,74.76780882,74.95686951,72.82114481,71.89255761,73.60916691
LAO,58.378,59.07,59.534,60.031,60.293,60.98,61.493,62.084,62.603,63.273,63.973,64.736,65.355,65.718,66.361,66.67,67.167,67.434,67.634,68.138,68.497,68.061,68.999
LBN,73.931,74.365,75.064,75.593,75.976,76.273,76.08,77.08,77.584,77.889,78.156,78.404,78.628,78.765,78.973,79.229,79.505,79.654,79.729,79.236,77.804,75.047,74.416
LBR,51.356,52.752,53.788,53.042,56.013,56.912,57.62,58.285,58.772,59.194,59.433,59.62,59.913,59.943,59.121,59.148,60.416,60.553,60.853,61.104,60.948,60.747,61.1
LBY,70.68,70.861,71.004,71.132,71.49,71.592,71.724,71.863,72.269,72.356,72.374,70.071,72.247,72.34,71.511,71.698,71.756,72.482,72.794,72.463,72.472,71.911,72.151
LCA,70.768,71.135,71.472,71.771,72.028,72.245,72.465,72.599,72.698,72.722,72.72,72.944,72.882,72.735,72.864,73.138,73.112,73.127,73.357,73.445,73.416,71.111,71.294
LCN,71.24091602,71.49869844,71.84888498,72.03238051,72.35402977,72.7232874,72.93237149,73.07263477,73.29429676,73.49804219,73.39299167,73.87852208,74.10402135,74.35186667,74.55449701,74.61534675,74.58098993,74.73362651,74.85001362,75.03578862,73.0265164,72.1362094,73.75012134
LDC,55.85654542,56.33056569,56.79950572,57.37061886,57.84013379,58.36918424,58.9685787,59.39526755,59.5423516,60.52856518,60.99125242,61.70294163,62.27291329,62.7099628,63.1259771,63.49108795,64.01090643,64.40041228,64.79234695,65.12589034,64.60175048,64.17534092,64.88027325
LIC,53.26429029,53.77780916,54.26061572,55.34490307,55.82059594,56.41647774,57.27425261,57.95343293,58.52512934,59.24367801,59.75093191,60.33119525,60.58577526,60.95568336,61.33995188,61.72105243,62.23504175,62.64548446,63.00741464,63.43461167,62.96529539,62.50534506,63.01878282
LIE,76.82682927,79.27560976,79.63658537,79.96097561,81.77073171,80.66829268,80.94878049,81.29512195,82.68292683,81.5,81.84146341,81.79268293,82.38292683,82.26097561,82.07317073,82.65609756,82.25853659,83.74634146,83.04146341,84.16097561,81.65853659,84.40243902,84.3195122
LKA,70.355,70.787,71.117,71.373,67.091,72.118,71.969,72.049,71.729,69.187,73.215,73.38,73.906,74.239,74.651,74.927,75.331,75.403,75.748,76.008,76.393,76.399,76.61
LMC,61.97108744,62.31727645,62.73833278,63.12847754,63.44584826,63.8216088,64.22720115,64.50348106,64.69108183,65.13096022,65.49918382,65.9394276,66.34923777,66.75466446,67.190422,67.58539084,67.96768598,68.2920404,68.53529428,68.74045529,68.20962381,66.50332555,67.16591748
LMY,65.50086053,65.90372174,66.23851765,66.57747436,66.80076977,67.20722624,67.58314154,67.84711573,68.02885418,68.44803948,68.75297554,69.10893749,69.43037589,69.75202722,70.08577593,70.37235067,70.65373432,70.88342,71.1682575,71.36828759,70.70376181,69.681449,70.35008665
LSO,48.427,46.849,45.595,44.53,43.711,43.233,42.914,43.123,43.566,44.034,45.596,46.692,47.835,49.002,50.033,51.101,52.264,53.064,53.733,54.173,54.693,53.062,53.036
LTE,71.07610174,71.621413,71.9187484,72.33253396,72.63516339,73.02986481,73.44931272,73.74111702,73.91850717,74.32937239,74.61180982,74.9461202,75.22381867,75.51921082,75.78907751,76.01190547,76.25719772,76.39827068,76.76882977,76.99084329,76.72294052,76.37233572,77.10434994
LTU,72.0195122,71.65853659,71.76097561,72.06097561,71.96097561,71.25365854,71.05609756,70.9,71.81219512,72.91463415,73.26829268,73.56341463,73.86341463,73.91463415,74.51707317,74.32195122,74.67073171,75.4804878,75.6804878,76.28292683,74.97804878,74.03658537,75.79268293
LUX,77.87317073,77.82439024,77.96585366,77.72682927,79.12195122,79.43170732,79.28780488,79.38292683,80.53902439,80.63658537,80.63170732,80.98780488,81.39268293,81.8,82.22926829,82.29268293,82.68536585,82.09512195,82.29512195,82.63902439,82.14390244,82.59756098,83.04634146
LVA,70.31463415,70.76097561,70.96097561,71.26585366,72.02682927,71.35609756,70.86585366,71.0195122,72.4195122,73.0804878,73.48292683,73.57560976,73.77804878,73.98292683,74.12439024,74.4804878,74.5804878,74.62926829,74.78292683,75.38780488,75.18536585,72.9804878,74.5804878
MAC,80.959,81.179,81.293,81.501,81.691,82.033,82.257,82.543,82.893,83.276,83.109,83.229,83.326,83.727,83.883,83.984,84.231,84.563,84.928,84.978,85.184,85.399,85.377
MAF,76.663,76.847,77.031,77.206,77.384,77.555,77.726,77.892,78.068,78.236,78.406,78.827,79.022,78.908,79.966,79.309,79.475,78.59,80.614,79.983,80.149,80.379,80.55
MAR,66.787,67.18,67.547,67.915,68.231,68.704,69.128,69.604,70.048,70.458,70.829,71.269,71.679,72.122,72.538,72.92,73.284,73.66,73.986,74.27,73.92,74.042,74.973
MDA,66.417,66.787,66.938,67.419,67.861,68.169,68.479,68.947,69.394,69.573,69.357,69.192,69.143,69.099,69.031,69.24,69.917,70.516,70.492,70.935,70.166,68.846,68.621
MDG,57.938,58.57,58.892,59.491,60.149,60.57,61.315,61.757,62.142,62.734,62.873,63.494,63.544,63.962,64.255,64.339,64.997,65.094,65.27,65.882,65.182,64.485,65.23
MDV,70.876,72.181,73.291,74.06,73.538,74.751,75.13,75.686,76.543,77.069,77.657,78.124,78.682,79.057,79.424,79.695,79.872,79.943,80.013,80.116,79.875,79.918,80.839
MEA,69.20998593,69.56070129,69.91086138,69.79791843,70.28246911,70.57581589,70.78400335,71.12027204,71.39500198,71.73649009,72.00298857,72.27091526,72.18987905,72.25942361,72.54065708,72.80658557,73.07691146,73.52811256,73.70452449,73.84500523,72.85253939,72.62384926,73.09404598
MEX,73.569,73.867,74.106,74.274,74.372,74.376,74.331,74.238,74.152,74.119,74.19,74.365,74.574,74.739,74.797,74.682,74.412,74.138,74.015,74.202,70.133,70.213,74.832
MHL,63.275,63.642,63.719,63.745,63.695,63.585,63.489,63.36,63.236,63.23,63.226,63.256,63.373,63.464,63.623,63.827,64.057,64.27,64.5,64.746,64.977,65.269,65.146
MIC,66.5626372,66.96911045,67.30726709,67.59603136,67.81160135,68.2162584,68.56350687,68.8039114,68.96273876,69.36693779,69.66586124,70.01289517,70.35423472,70.682548,71.02234108,71.31100937,71.5806384,71.80477918,72.0965935,72.28730078,71.61696114,70.54418829,71.24818663
MKD,72.94634146,73.43658537,73.03902439,73.24146341,73.59756098,73.69756098,73.89512195,73.8,74.4,74.44634146,74.99756098,75.1,74.90243902,75.4,75.45121951,75.40243902,75.4,75.95365854,76.64878049,76.60243902,74.39512195,73.24634146,74.42487805
MLI,50.539,51.284,52.222,52.893,53.538,54.003,54.615,54.941,55.291,55.874,56.382,56.755,57.079,57.357,57.9,58.363,58.731,59.132,59.393,59.664,58.633,58.941,59.417
MLT,78.34878049,78.84390244,78.73902439,78.54634146,79.25365854,79.3,79.43902439,79.79268293,79.63658537,80.24146341,81.39756098,80.74634146,80.74634146,81.74634146,82.04634146,81.89756098,82.45365854,82.34634146,82.44878049,82.85853659,82.34878049,82.50731707,82.7
MMR,60.155,60.416,60.725,60.98,61.25,61.599,61.893,62.371,56.506,63.155,63.329,63.901,64.141,64.815,65.056,65.561,65.685,65.843,66.465,66.61,66.797,65.672,67.256
MNA,68.62790047,68.95896066,69.31072423,69.1311472,69.61458338,69.89969742,70.08976046,70.42486055,70.67733715,71.01082807,71.26340427,71.50906286,71.36778517,71.39458585,71.68159781,71.94495829,72.2110251,72.71402854,72.91459632,73.07224246,72.10557882,71.82242039,72.21038363
MNE,73.8184878,74.06941463,73.9064878,73.93173171,74.56395122,73.98292683,73.83902439,74.33902439,75.13658537,75.14390244,75.9902439,75.98292683,76.2,76.4902439,76.44146341,76.44878049,76.44146341,76.48536585,76.84146341,76.68292683,75.93170732,73.82439024,76.18780488
MNG,62.882,63.279,63.518,64.208,64.796,64.879,65.513,65.97,66.382,66.766,67.182,67.439,68.111,68.585,69.047,69.498,69.865,70.237,71.199,71.822,72.141,70.975,72.667
MOZ,49.491,50.065,50.59,50.87,51.249,51.561,51.961,52.566,53.164,53.788,54.198,54.869,55.639,56.492,57.274,58.151,59.038,59.771,60.526,61.166,61.172,59.325,59.625
MRT,61.028,61.185,61.268,61.347,61.593,61.656,61.891,62.228,62.399,62.8,63.105,63.346,63.578,63.911,64.155,64.485,64.768,65.083,65.31,65.687,64.532,64.364,64.691
MUS,71.66341463,71.76585366,71.96585366,72.11707317,72.26585366,72.43219512,72.43219512,72.57073171,72.57073171,72.88243902,72.96731707,73.26682927,73.86341463,74.01707317,74.19439024,74.35317073,74.39487805,74.51463415,74.41634146,74.23585366,74.17707317,73.6802439,73.51463415
MWI,44.518,45.895,47.221,48.79,50.453,52.044,53.238,53.946,54.604,55.448,56.381,57.455,58.679,59.729,60.899,61.378,62.209,62.977,63.276,64.119,63.717,62.904,62.898
MYS,72.775,73.344,73.563,73.796,73.898,74.096,74.164,74.211,74.25,74.227,74.442,74.746,74.944,75.035,75.146,75.094,75.289,75.476,75.644,75.76,75.938,74.884,76.26
NAC,76.88515264,77.08859009,77.19228452,77.30040181,77.73476548,77.74605713,77.96879637,78.23960009,78.30376957,78.65485604,78.81719703,78.9239637,79.03287027,79.0416938,79.13625737,79.00364873,78.87973011,78.87247201,78.96584044,79.14135765,77.46271709,76.87266402,77.83876527
NAM,51.99,51.26,51.254,51.083,51.246,51.787,52.655,53.68,54.653,55.496,56.015,56.553,57.64,58.694,59.822,60.7,61.682,62.293,62.586,63.075,62.829,59.269,58.059
NCL,75.16341463,74.83170732,75.10243902,75.27073171,75.47073171,75.72195122,76.07560976,76.47804878,76.6804878,76.9804878,77.2804878,76.63170732,77.07804878,77.17804878,77.23658537,77.2804878,76.93170732,77.53902439,80.00309756,80.41970732,80.83495122,79.12734146,80.98207317
NER,49.322,49.841,50.562,51.434,52.589,53.59,54.596,55.553,56.508,57.396,58.367,58.994,59.65,60.239,60.786,61.083,61.629,62.16,62.454,62.897,61.451,61.576,62.08
NGA,47.193,47.619,47.928,48.441,48.767,49.297,49.73,50.033,50.225,50.712,50.945,51.357,51.497,51.707,51.791,51.841,52.043,52.305,52.554,52.91,52.887,52.676,53.633
NIC,67.234,67.215,67.18,67.217,67.423,67.936,68.725,69.559,70.586,71.433,72.009,72.416,72.615,72.704,72.812,72.983,73.256,73.554,73.85,74.054,71.795,73.837,74.615
NLD,77.98780488,78.1902439,78.29268293,78.49268293,79.09512195,79.34634146,79.69756098,80.09756098,80.25121951,80.54878049,80.70243902,81.20487805,81.10487805,81.30487805,81.70731707,81.5097561,81.56097561,81.76097561,81.81219512,82.11219512,81.35853659,81.3097561,81.71463415
NOR,78.63414634,78.78536585,78.98780488,79.3902439,79.84146341,80.04146341,80.34390244,80.39512195,80.59268293,80.79512195,80.99756098,81.29512195,81.45121951,81.75121951,82.1,82.30487805,82.40731707,82.6097561,82.75853659,82.95853659,83.2097561,83.16341463,82.56097561
NPL,62.614,63.336,63.264,64.197,64.818,65.457,65.868,66.329,66.421,66.761,66.814,67.313,67.47,67.965,68.085,67.456,68.776,68.91,68.979,69.558,69.246,68.45,70.484
NRU,58.732,58.278,58.181,58.095,58.072,58.161,58.379,58.53,58.833,59.123,59.64,60.24,60.715,61.231,61.807,62.269,62.702,62.988,63.234,63.484,63.437,63.617,64.014
NZL,78.63658537,78.69268293,78.84634146,79.14634146,79.54878049,79.85121951,80.04878049,80.15121951,80.35121951,80.70243902,80.90487805,81.15609756,81.40731707,81.40487805,81.45682927,81.61243902,81.65853659,81.85853659,81.70731707,82.05609756,82.25609756,82.20731707,82.76097561
OED,76.90936468,77.19721437,77.37338872,77.50069327,77.89459554,78.00883972,78.29537551,78.50362269,78.6542065,78.91658708,79.08864726,79.31562007,79.47041009,79.66706471,79.91536027,79.7910327,79.90440367,79.93155332,80.00975208,80.22130909,78.89523801,78.66387166,79.62812981
OMN,73.466,73.808,73.869,74.14,74.329,74.396,74.48,74.461,74.612,74.681,76.269,76.608,77.061,77.246,77.446,77.687,77.916,77.924,77.966,78.002,74.757,72.541,73.935
OSS,66.87553077,67.10242438,67.25028897,67.46446702,67.75469032,68.07336515,68.39392784,68.82005882,69.24971801,69.72286578,70.29383982,70.67175641,71.09098091,71.55707058,71.91996152,72.28693216,72.6256409,73.02487012,73.23931799,73.45446724,73.16758089,72.38749194,72.8992436
PAK,62.102,62.421,62.626,62.843,63.052,62.466,63.731,63.852,64.036,64.14,64.436,64.648,64.782,65.15,65.284,65.697,65.88,66.297,66.482,66.756,66.269,66.098,66.431
PAN,74.001,74.414,74.824,75.218,75.544,75.829,76.012,76.154,76.225,76.343,76.448,76.627,76.819,77.038,77.248,77.468,77.653,77.795,77.863,77.81,76.657,76.223,76.826
PER,70.424,71.041,71.661,72.217,72.668,72.986,73.172,73.223,73.377,73.466,73.711,74.133,74.544,74.967,75.333,75.621,75.789,75.879,76.009,76.156,73.665,72.377,73.385
PHL,69.413,69.614,69.781,69.924,70.037,70.24,70.282,70.483,70.564,70.633,70.754,70.788,70.881,70.835,71.151,71.268,71.387,71.516,71.689,71.865,72.119,69.266,72.187
PNG,61.72,61.773,61.698,61.797,61.761,61.801,61.917,62.034,62.571,62.788,63.039,63.526,63.733,63.961,64.259,64.701,64.84,65.103,65.182,65.474,65.787,65.351,65.958
POL,73.74878049,74.2,74.49756098,74.59756098,74.84634146,74.99512195,75.14390244,75.24390244,75.54390244,75.69512195,76.24634146,76.69512195,76.74634146,77,77.60243902,77.45121951,77.85121951,77.75365854,77.60243902,77.90487805,76.5,75.50243902,77.30487805
PRE,51.46391654,51.90970446,52.35327917,52.86205114,53.31130672,53.90876759,54.55053565,55.05626042,55.57784723,56.27169735,56.77355768,57.34667269,57.8263729,58.28387833,58.70456018,59.0688613,59.4721413,59.89966396,60.3043495,60.67412604,60.20996277,59.83625468,60.47033443
PRI,75.977,76.456,76.728,76.874,77.143,77.237,77.415,77.621,77.841,77.877,78.01,78.316,78.461,78.777,78.929,79.695,80.27,79.258,79.77,79.063,78.041,80.162,79.72
PRK,60.763,60.745,60.792,69.546,69.437,69.285,69.085,68.911,68.958,69.732,70.419,70.978,71.626,72.319,72.942,72.784,72.805,72.978,73.031,73.198,73.274,73.284,73.578
PRT,76.31463415,76.81463415,77.06585366,77.2195122,77.67073171,78.07073171,78.4195122,78.32195122,78.52439024,78.72682927,79.02682927,80.47073171,80.37317073,80.72195122,81.12195122,81.12439024,81.12439024,81.42439024,81.32439024,81.67560976,80.97560976,81.37804878,81.5804878
PRY,69.75,69.9,70.025,70.297,70.481,70.527,70.781,71.106,71.384,71.635,71.887,72.131,72.454,72.757,72.878,73.191,73.534,73.644,73.568,73.621,73.182,70.262,70.475
PSE,70.388,69.887,70.969,71.053,71.182,72.067,71.915,72.153,72.413,72.608,73.004,73.243,73.466,74.029,72.622,74.406,74.554,74.833,74.793,75.241,74.403,73.473,73.444
PSS,67.29872896,67.4067016,67.19735556,67.51294611,67.68232018,67.8251693,67.98045092,67.95879773,68.11645238,68.01634061,68.38811925,68.52467142,68.5916774,68.62173762,68.64085736,68.56614177,68.83446495,69.12903147,69.23023112,69.31686502,69.38064136,69.18482102,69.75597139
PST,77.34580083,77.63977303,77.79175781,77.90445624,78.33392584,78.42152646,78.75360764,79.00018244,79.14511756,79.47006756,79.67984537,79.94514197,80.07845823,80.2550033,80.51002885,80.37698747,80.53484319,80.57949806,80.6664898,80.8947718,79.99530336,79.73487414,80.13574426
PYF,79.536,79.685,79.711,79.703,79.696,79.736,79.842,80.02,80.301,80.665,81.039,81.429,81.759,82.017,82.214,82.354,82.488,82.618,82.783,82.996,82.217,79.486,83.55
QAT,74.828,75.263,75.412,75.565,75.961,76.064,76.57,77.016,77.427,77.878,78.425,78.891,79.227,79.536,79.768,80.064,80.433,80.717,80.898,80.99,79.099,79.272,81.559
ROU,71.16341463,71.16097561,71.0097561,71.3097561,71.56097561,71.91219512,72.16341463,72.56585366,72.56585366,73.3097561,73.45853659,74.4097561,74.41219512,75.06341463,74.9097561,74.91219512,75.2097561,75.2097561,75.35853659,75.60731707,74.25365854,72.8097561,75.30487805
RUS,65.48365854,65.38341463,65.12878049,65.02756098,65.47097561,65.5297561,66.72756098,67.58682927,67.94926829,68.68463415,68.84121951,69.68390244,70.07219512,70.57878049,70.74365854,71.18341463,71.65121951,72.45146341,72.66219512,73.08390244,71.33878049,69.9002439,72.54560976
RWA,47.129,49.021,51.032,53.368,55.491,57.316,58.714,59.965,61.134,61.958,62.54,63.261,64.009,64.426,64.94,65.298,65.737,65.941,66.251,66.437,66.774,66.072,67.129
SAS,62.90345292,63.31435878,63.78251054,64.21015504,64.54754221,64.92300469,65.37633776,65.63378137,65.9606723,66.25256706,66.74942063,67.13888399,67.62714115,68.11240221,68.62768368,69.13247365,69.59725083,69.96693328,70.24000795,70.45829266,69.73367367,67.56744256,68.14744131
SAU,72.467,72.974,73.337,73.628,74.153,74.588,74.81,75.046,75.274,75.431,75.763,76.234,76.461,76.626,76.757,76.918,77.064,77.16,77.212,77.304,76.239,76.936,77.905
SDN,58.319,58.562,58.976,58.2,56.773,57.279,60.281,61.256,61.206,62.644,63.016,63.246,63.792,63.678,64.269,64.659,64.78,65.445,65.681,65.876,65.614,65.267,65.578
SEN,56.943,57.564,58.231,59.122,60.027,60.915,61.75,62.543,63.242,63.923,64.615,65.262,65.457,66.072,66.452,66.879,67.497,67.75,68.097,68.526,68.006,67.093,67.913
SGP,77.95121951,78.25121951,78.55121951,79.03902439,79.4902439,79.9902439,80.14146341,80.44146341,80.7902439,81.24146341,81.54146341,81.74390244,81.99512195,82.24634146,82.49512195,82.74390244,82.84634146,83.09512195,83.29756098,83.59512195,83.54390244,83.09268293,82.89512195
SLB,67.225,67.364,67.515,67.644,67.801,67.936,68.09,67.986,68.404,68.466,68.732,68.908,69.084,69.188,69.234,69.583,69.801,69.988,70.173,70.382,70.199,70.348,70.742
SLE,45.05,45.661,46.359,46.963,47.577,48.237,49.323,50.365,51.526,52.626,53.693,54.62,55.451,56.313,56.393,57.189,58.404,58.652,59.796,60.255,59.763,60.062,60.411
SLV,69.865,69.598,70.232,70.14,70.34,70.44,70.773,71.108,71.424,71.576,71.848,71.859,71.831,71.771,71.746,71.814,72.025,72.311,72.555,72.559,71.061,70.748,71.475
SOM,50.66,50.74,50.731,50.614,50.538,50.661,50.597,50.515,51.12,51.853,50.563,51.304,53.161,53.843,54.277,54.857,55.044,55.654,56.375,57.078,55.967,55.28,56.107
SRB,71.58292683,72.23414634,72.28536585,72.43658537,72.68292683,72.83414634,73.38536585,73.63170732,73.88536585,73.98536585,74.33658537,74.53658537,74.83658537,75.18536585,75.33658537,75.28780488,75.68780488,75.53902439,75.8902439,75.93658537,74.47804878,72.7804878,75.48219512
SSA,51.26084085,51.53270954,51.88684405,52.35972821,52.8329492,53.44341082,54.19452582,54.82599379,55.42268371,56.19087458,56.81636262,57.525728,58.1057869,58.63119349,59.10462527,59.52207912,60.02587082,60.43632216,60.82499601,61.20993279,60.82025395,60.21796752,60.74285238
SSD,46.028,46.881,47.492,50.253,50.917,51.545,52.016,52.856,53.538,53.891,54.812,54.94,55.865,55.751,54.973,55.566,55.544,55.309,55.95,55.912,55.48,54.975,55.567
SSF,51.26340383,51.53523071,51.88908093,52.36182146,52.83510475,53.44539689,54.19642869,54.82788512,55.42450578,56.1925689,56.8180063,57.52717329,58.1072979,58.6325353,59.10591832,59.52342521,60.02715532,60.4375514,60.82604353,61.21103271,60.82163664,60.21905857,60.74413053
SST,67.22204974,67.41613633,67.50963689,67.70451191,67.98670408,68.28448295,68.59855024,68.95994166,69.32661563,69.69524293,70.17495585,70.47515023,70.8031486,71.1510505,71.4404399,71.72986526,72.05968378,72.41873615,72.62489477,72.73497347,72.53141733,71.65769343,72.18306868
STP,61.655,62.032,62.6,63.166,63.731,63.709,64.398,64.724,65.079,65.116,65.249,64.902,65.746,66.328,66.845,67.249,67.492,68.267,68.355,68.523,67.785,67.591,68.794
SUR,65.508,65.482,65.531,65.596,66.416,67.002,67.571,68.204,68.816,69.505,69.894,69.914,69.764,69.682,69.782,70.8,71.592,72.417,72.553,72.242,72.561,70.274,70.289
SVK,73.05121951,73.40243902,73.60487805,73.60487805,73.95853659,73.90487805,74.20487805,74.20731707,74.70487805,74.9097561,75.11219512,75.95853659,76.1097561,76.41219512,76.81219512,76.56341463,77.16585366,77.16585366,77.26585366,77.66585366,76.86585366,74.61463415,77.06585366
SVN,75.41219512,75.75853659,76.00731707,76.85853659,77.20731707,77.61219512,78.08658537,78.56097561,78.76585366,78.97073171,79.42195122,79.97073171,80.12439024,80.32195122,81.07804878,80.77560976,81.17560976,81.02926829,81.37804878,81.52926829,80.53170732,80.67560976,81.28292683
SWE,79.64390244,79.79512195,79.84634146,80.09512195,80.49756098,80.54634146,80.74878049,80.9,81.1,81.35121951,81.45121951,81.80243902,81.70487805,81.95609756,82.25365854,82.20487805,82.30731707,82.4097561,82.55853659,83.1097561,82.35609756,83.05609756,83.1097561
SWZ,47.256,45.975,44.486,43.349,42.538,42.125,43.12,43.641,44.175,44.639,46.619,48.195,49.835,51.486,53.05,55.019,56.659,57.895,59.411,60.549,59.692,57.066,56.36
SXM,74.514,74.522,74.858,74.148,74.24,75.542,75.926,75.417,75.742,75.441,75.132,74.684,74.608,74.917,76.773,76.954,76.598,75.03,75.131,75.437,74.584,73.972,74.409
SYC,72.77804878,73.25365854,71.08780488,71.02926829,72.66097561,72.13170732,72.21707317,73.14390244,73.16341463,73.08292683,73.19756098,72.72439024,74.27560976,73.1195122,73.22926829,74.29512195,74.3097561,74.3,72.84146341,74.04634146,77.23658537,73.39756098,73.84878049
SYR,70.764,71.644,71.939,72.414,72.475,72.769,73.35,73.709,73.551,73.853,73.881,73.305,66.769,63.827,63.153,65.124,65.993,68.481,70.145,71.822,72.14,72.063,72.3
TCA,73.575,74.131,75.54,75.411,76.786,77.148,76.831,75.914,76.632,77.164,76.243,76.195,77.037,77.018,77.135,76.912,76.864,76.702,76.443,75.326,75.001,74.587,74.925
TCD,47.443,47.85,47.946,48.206,48.232,48.312,48.286,48.751,49.024,49.196,49.584,50.009,50.54,50.781,51.202,51.589,52.083,52.308,52.825,53.259,52.777,52.525,52.997
TEA,70.6848209,71.28042485,71.63078459,71.97170862,72.05053771,72.58974643,72.94828718,73.19688493,73.14552341,73.69262343,73.91253048,74.17862844,74.42122461,74.66342342,74.91702478,75.14116431,75.34237516,75.40575494,75.82584698,76.02748256,75.95910284,75.56088498,76.19998558
TEC,68.38548588,68.56119046,68.65567751,68.77705561,69.11345701,69.20044629,69.78372183,70.24416517,70.54765517,71.09445726,71.41053482,71.88100237,72.25373396,72.68807171,72.90137054,73.11891945,73.43418637,73.86018971,74.02839964,74.32279005,72.68110634,71.99940787,73.91372084
TGO,54.742,54.86,55.311,55.639,55.569,55.962,56.222,56.511,56.695,57.011,57.304,57.925,58.073,58.684,58.853,59.396,59.55,60.154,60.244,60.901,61.035,61.619,61.588
THA,72.316,72.613,72.93,73.155,73.08,73.82,74.938,75.187,75.492,75.842,76.131,76.421,76.772,77.083,77.415,77.717,78.049,78.394,78.662,78.975,79.274,78.715,79.68
TJK,63.26,64.057,64.846,65.552,66.028,66.514,67.013,67.217,67.688,68.039,67.742,68.148,68.484,68.885,69.069,69.306,69.549,69.905,70.353,70.867,67.994,71.594,71.288
TKM,65.026,65.156,65.385,65.746,66.075,66.068,66.499,66.895,67.407,67.958,68.293,68.567,68.722,68.74,68.614,68.782,68.777,68.916,68.796,69.002,68.687,69.264,69.41
TLA,71.09305122,71.35135245,71.70749666,71.89341073,72.22105897,72.59884412,72.81093792,72.95299725,73.17845524,73.38642732,73.27633568,73.77264235,74.00314933,74.25605554,74.4644587,74.52552371,74.49074102,74.65645914,74.77591785,74.97015074,72.91769893,72.06442813,73.64133708
TLS,58.568,59.362,60.148,60.871,61.628,62.328,63.073,63.723,64.329,64.854,65.304,65.697,66.081,66.44,66.787,67.137,67.446,67.745,68.017,68.268,68.475,67.737,69.056
TMN,68.60985697,68.94938948,69.29348723,69.11102247,69.59808725,69.87678383,70.07037027,70.40638937,70.65862113,70.9934731,71.24436229,71.48997173,71.34454693,71.36527258,71.6710853,71.91730044,72.18456068,72.69003056,72.89315091,73.04728526,72.07890188,71.80307689,72.19581881
TON,68.978,69.127,69.335,69.495,69.67,69.768,69.894,70.048,70.164,70.012,70.323,70.381,70.442,70.505,70.54,70.607,70.661,70.713,70.779,70.871,70.928,70.986,71.27
TSA,62.90345292,63.31435878,63.78251054,64.21015504,64.54754221,64.92300469,65.37633776,65.63378137,65.9606723,66.25256706,66.74942063,67.13888399,67.62714115,68.11240221,68.62768368,69.13247365,69.59725083,69.96693328,70.24000795,70.45829266,69.73367367,67.56744256,68.14744131
TSS,51.26340383,51.53523071,51.88908093,52.36182146,52.83510475,53.44539689,54.19642869,54.82788512,55.42450578,56.1925689,56.8180063,57.52717329,58.1072979,58.6325353,59.10591832,59.52342521,60.02715532,60.4375514,60.82604353,61.21103271,60.82163664,60.21905857,60.74413053
TTO,69.102,69.646,70.488,69.729,71.076,71.308,71.256,71.652,71.47,73.126,72.725,73.278,73.716,73.962,74.215,74.503,74.281,74.23,73.802,74.228,74.406,72.971,74.708
TUN,73.69,73.816,74.059,74.305,74.49,74.764,74.921,75.072,75.185,75.267,75.421,75.46,75.55,75.65,75.65,75.692,75.786,75.845,75.95,75.993,75.292,73.772,74.263
TUR,71.861,72.231,72.579,72.89,73.24,73.534,73.845,74.193,74.45,74.765,75.069,74.941,75.678,76.297,76.565,76.646,76.66,77.141,77.563,77.832,75.85,76.032,78.475
TUV,63.499,63.543,63.58,63.631,63.693,63.836,63.928,63.931,63.948,63.949,63.978,63.974,63.964,64.008,64.025,64.06,64.108,64.148,64.212,64.278,64.382,64.547,64.854
TZA,52.362,53.161,53.863,54.895,55.596,56.299,56.911,57.52,58.086,58.894,60.105,61.049,62.03,62.96,63.873,64.651,65.386,65.999,66.535,66.989,66.408,66.201,66.782
UGA,48.342,49.006,49.648,50.368,51.547,52.976,54.369,55.236,55.823,56.488,57.055,57.965,58.817,59.763,60.408,61.086,61.648,62.115,62.714,62.991,62.851,62.705,63.638
UKR,67.67560976,67.83707317,68.27560976,68.21073171,68.18536585,67.95682927,68.07756098,68.22219512,68.25146341,69.19,70.26536585,70.80926829,70.94414634,71.1595122,71.18658537,71.1895122,71.47634146,71.78097561,71.58268293,71.82731707,71.18512195,69.64780488,68.58792683
UMC,70.68001216,71.18401308,71.48954693,71.7264259,71.88759472,72.35769678,72.68898462,72.93752977,73.10739768,73.5143852,73.78313722,74.07316226,74.37606624,74.65410471,74.92497506,75.13178728,75.31160557,75.45615093,75.82321575,76.02510245,75.23685561,74.8743403,75.66529909
URY,75.025,75.285,75.54,75.785,76.007,76.194,76.362,76.498,76.623,76.738,76.858,76.983,77.111,77.24,77.366,77.483,77.571,77.625,77.611,77.508,78.43,75.436,78
USA,76.63658537,76.83658537,76.93658537,77.03658537,77.48780488,77.48780488,77.68780488,77.98780488,78.03902439,78.3902439,78.54146341,78.64146341,78.74146341,78.74146341,78.84146341,78.6902439,78.53902439,78.53902439,78.63902439,78.78780488,76.9804878,76.32926829,77.43414634
UZB,65.724,66.087,66.604,67.04,67.401,67.49,67.891,68.292,68.765,68.871,69.235,69.649,69.874,69.99,70.234,70.475,70.755,71.01,71.149,71.344,70.331,70.862,71.674
VCT,71.377,71.938,72.168,72.352,73.035,73.516,74.017,74.703,75.053,75.083,74.718,74.596,74.146,73.798,74.473,74.407,74.28,74.305,74.128,72.835,72.126,69.629,68.972
VEN,72.478,71.201,72.662,71.94,72.514,72.782,72.742,73.058,72.436,72.579,72.89,72.913,73.036,73.196,72.853,73.006,72.058,71.943,71.979,72.161,71.095,70.554,71.105
VGB,73.966,73.846,73.891,73.986,74.251,74.723,74.88,75.039,75.007,75.26,75.428,75.486,75.532,75.574,75.612,75.675,75.724,74.785,75.831,75.863,75.849,74.494,76.373
VIR,76.6195122,77.62195122,77.52195122,77.52195122,77.77317073,77.42195122,78.32439024,76.86341463,77.16341463,77.51463415,77.86585366,78.31707317,78.51707317,78.71707317,78.86829268,79.01707317,79.16829268,79.36829268,79.5195122,79.66829268,79.8195122,80.06829268,80.3195122
VNM,72.462,72.647,72.801,72.98,73.135,73.271,73.319,73.436,73.411,73.498,73.513,73.692,73.704,73.775,73.855,73.876,73.938,73.963,73.976,74.093,75.378,73.618,74.58
VUT,68.966,69.037,69.196,69.276,69.313,69.39,69.462,69.544,69.602,69.653,69.617,69.551,69.497,69.534,69.465,69.513,69.65,69.71,69.795,69.877,70.299,70.449,70.492
WLD,67.66752217,68.01823914,68.29891891,68.57179957,68.82487369,69.16026957,69.53180313,69.79352812,69.96302828,70.35630139,70.62465121,70.96113206,71.23726303,71.52976453,71.83314546,72.04708691,72.29790642,72.49541239,72.73511579,72.93103383,72.1974598,71.28061168,71.94871674
WSM,70.746,71.019,71.276,71.496,71.696,71.754,72.021,72.1,72.155,70.066,72.249,72.26,72.167,72.391,72.463,72.515,72.54,72.59,72.636,72.157,72.768,72.767,72.598
XKX,74.072,74.394,74.676,74.968,75.304,75.616,75.636,76.516,77.392,77.665,77.63,77.74,78.28,78.587,78.88,78.922,78.981,78.783,78.696,79.022,76.567,76.806,79.524
YEM,62.588,63.222,63.906,64.541,65.006,65.543,65.988,66.565,66.963,67.196,67.28,67.419,67.343,67.545,67.384,65.873,66.064,65.957,64.575,65.092,64.65,63.753,63.72
ZAF,58.47,57.261,55.666,54.331,54.043,53.98,54.278,54.992,56.022,57.447,58.899,60.651,61.846,62.533,63.38,63.95,64.747,65.402,65.674,66.175,65.252,62.341,61.48
ZMB,45.231,46.019,46.979,48.284,49.487,50.659,51.795,52.739,53.945,55.3,56.799,57.771,58.867,59.878,60.699,61.208,61.794,62.12,62.342,62.793,62.38,61.223,61.803
ZWE,44.686,41.957,44.565,43.393,44.502,44.768,45.364,45.61,46.723,48.063,50.652,53.347,55.626,57.458,58.846,59.591,60.306,60.709,61.414,61.292,61.124,59.253,59.391
