Country Name,2000,2001,2002,2003,2004,2005,2006,2007,2008,2009,2010,2011,2012,2013,2014,2015,2016,2017,2018,2019,2020,2021
Afghanistan,,,0.89142376,7.28044462,5.53527164,5.31934786,4.6865387,5.65336657,6.12099695,5.41736698,5.47462463,5.60622549,4.34189463,5.03476191,4.96025801,5.1722393,5.0778451,5.09581852,3.88780427,3.35139465,7.63642311,3.30272126
Africa Eastern and Southern,35.296949932587,34.6750227895506,35.1282971672599,38.5803857153162,38.0795044742378,38.1409298049982,41.3835380875444,42.1651733604971,41.8159122482859,43.5873286320274,44.0891289443886,44.2714622598099,44.5863613517271,42.9159184577555,45.5487032882799,44.9671993305096,44.7988974992713,46.6415896500553,47.1550252840599,47.3759539022704,50.1384478561638,49.9810773793456
Africa Western and Central,19.4350123126786,24.1015550769036,20.8486222693887,20.2168124187296,24.4378346850147,25.3900645290658,23.1428061588691,22.388231714128,21.3888013393733,20.85784749,20.1341431156643,20.9431478122333,21.4609936582536,20.0729890665427,18.1749718911692,19.5609481160276,18.9414681223815,20.6007019603073,22.6645225973145,23.9143698512051,24.8963128472088,22.7925950147724
Albania,46.53004456,46.46232605,45.69914627,45.17244339,47.86219788,46.90119171,46.825634,46.37696075,41.75899887,40.48228073,38.14058685,38.78395081,39.87333298,41.02802277,40.30805969,41.88941574,42.82014847,42.17532349,43.10668945,42.68024826,39.84601212,39.68720245
Algeria,71.96343231,76.22702026,75.27867126,76.69419861,71.35350037,69.29087067,68.46268463,69.78764343,71.99542236,70.88406372,69.48218536,70.61742401,72.92947388,71.04824829,72.0083847,70.39454651,67.59703827,66.75434113,66.95326233,62.88612747,60.99265671,59.1096344
Andorra,65.52404785,65.17178345,66.3105011,64.0565567,62.08620071,64.26092529,59.9493103,59.70595169,65.11995697,67.77296448,73.94714355,73.58339691,69.46752167,70.15290833,71.04316711,71.93789673,71.94244385,71.93823242,70.74626923,71.31783295,72.61690521,74.00547791
Angola,58.20957184,45.64084625,39.30446243,41.30799866,42.51447678,44.83417511,53.77399445,57.8937912,64.35443115,67.67429352,62.1162796,64.75705719,65.25454712,62.02980042,54.15326309,47.36523056,44.13825607,46.27865219,42.64184952,45.39341736,52.79491425,57.80676651
Antigua and Barbuda,57.84612274,59.07860184,58.43793869,59.90863037,58.03319931,55.622612,52.95463562,51.33233261,50.76409912,54.89453506,58.31644821,56.94827652,56.29526138,56.08193588,59.15979004,59.78766251,55.84991074,56.1620903,60.07439423,58.43976212,62.28354263,67.11636353
Arab World,54.8112473250426,57.0025489192724,56.1205573434109,56.4537258647466,56.1820860672967,56.9080519313903,57.9806146834384,57.4223512642965,57.5725301915044,59.89132772,58.3147041287989,60.3995307986365,59.0878585322837,59.7322796379514,60.9273171401859,58.476838376685,62.0450972119988,60.2908818868671,59.9509608072971,60.3633539311736,63.5956413990474,63.5348827566739
Argentina,54.7317009,54.85204315,54.55613327,54.7124176,51.79897308,51.41910553,52.60231018,54.30963898,55.09854126,59.96014023,58.95255661,60.32122803,62.42686844,63.59713364,65.42355347,66.71373749,65.39312744,64.46273041,58.59922409,60.5684967,63.98451233,63.20693588
Armenia,22.75,28.82,15.39,16.8,21.37,25.22,27.12,29.35,22.41,21.46,18.26,17.84,17.28,13.33,14.79,15.91,16.45,13.24,12.34,12.41,19.25,17.76
Australia,71.8363266,71.10848236,71.93769073,71.34125519,71.68710327,71.83748627,71.66631317,72.90619659,72.32991791,73.01054382,72.35727692,73.26029968,71.23465729,67.7279892,70.11465454,71.02825928,71.10353088,71.25540161,71.47225952,73.73882294,73.68083191,76.03939819
Austria,74.16,73.65,73.44,73.14,72.05,72.65,72.85,72.8,73.79,72.85,72.4,72.69,72.87,72.17,72.52,72.46,72.36,73.81,74.47,74.88,76.74,78.25
Azerbaijan,29.4,29.02,27.06,28.37,32.3,39.95,41.91,45.62,42.24,40.99,38.3,36.6,35.34,33.06,31.51,30.07,26.35,24.66,23.16,25.57,39.81,31.62
"Bahamas, The",39.57865143,39.90871811,39.59148026,40.5092392,39.83108521,39.37672424,38.45758057,40.04133224,42.86846161,45.57728958,45.0781517,44.60906219,43.49754715,45.6301384,44.95140839,44.35314178,48.50737381,55.15454483,49.60044098,51.77562714,60.63474274,55.7627449
Bahrain,71.09094238,71.68608856,71.25164032,65.96888733,67.33620453,69.87419128,69.40020752,64.25352478,65.20483398,66.15504456,65.20017242,65.33170319,65.34840393,65.18132782,64.98168182,65.0187912,61.36575699,56.88352966,58.83235168,58.27348709,62.96072769,65.90466309
Bangladesh,28.16659737,21.66823196,24.30713272,24.61206818,24.06328011,21.87779617,22.7309761,22.48718262,20.9189682,19.93485069,20.56865692,20.40087318,19.95433998,19.04660416,18.51753426,17.09586334,19.90324593,21.22780418,20.96880913,19.79063225,18.04669762,16.88323593
Barbados,51.85347748,53.28871536,53.51586914,56.28888702,59.36916351,57.23897552,56.26896667,54.46463013,55.32674408,54.57361984,53.42999268,48.47716522,55.33291626,51.42475891,47.12921143,46.76980209,46.03868103,45.05372238,45.48931885,44.87979507,49.38734436,54.13328552
Belarus,78.67,74.62,72.53,75.99,76.69,74.5,71.47,70.19,65.78,64.56,68.04,63.36,65.65,62.66,62.6,60.78,70.94,69.11,70.56,70.38,70.88,74.23
Belgium,74.53091431,75.3321228,73.72327423,74.11693573,74.99698639,74.80131531,74.58599854,74.18357849,75.74918365,76.30044556,76.24723816,76.18171692,76.45965576,75.98609924,76.12174225,76.38321686,76.77429962,76.72920227,76.6003418,75.22897339,77.90409851,77.59567261
Belize,46.322155,50.9503212,51.37641907,49.60425949,50.01566315,51.88076019,55.63838959,58.60835266,64.56129456,64.2539978,66.5559845,65.95288849,65.91529846,66.04079437,62.17969513,67.60857391,69.7363205,69.07136536,68.39220428,68.36689758,70.58061981,68.80960083
Benin,38.58332062,37.37374115,31.3320179,33.95888138,35.9318428,33.147789,32.88233948,32.93758774,28.00041389,30.04043388,24.99409103,21.7378273,24.28330421,26.65324402,21.37865829,21.65677261,16.83768272,17.07419395,15.56364155,12.41332245,11.17483139,12.31288528
Bhutan,79.66617584,70.69815063,72.40852356,69.16651917,66.05213928,63.90855789,55.8853302,64.55661011,69.12611389,73.8507843,72.05212402,73.41854095,69.57640839,68.88393402,69.01010132,74.25157928,73.95302582,74.51843262,79.54950714,73.56784821,78.00773621,57.42987823
Bolivia,55.32917404,54.17406845,53.14351654,53.00777054,52.13727188,54.26984787,56.02086639,59.09320831,58.65034485,61.03663254,58.76804352,58.39107895,57.03056335,58.52252579,62.62419128,65.74084473,64.82120514,68.52770996,72.65296936,71.08983612,72.32567596,72.08840942
Bosnia and Herzegovina,51.06,57.02,59.7,66.13,56.96,54.58,54.56,55.33,55.68,68.03,68.07,67.67,68.65,69.71,70.37,69.22,70.9,70.13,69.87,68.72,69.6,68.3
Botswana,53.27193832,55.06237793,56.46030807,56.1771431,56.38233566,54.43471146,57.24171066,56.68532562,62.19720078,51.50703812,57.55473709,61.41548538,64.50315094,63.92881393,67.85910797,67.75788116,66.52246857,75.6595993,68.58382416,71.43073273,73.34910583,76.45542908
Brazil,41.63555527,41.08930588,42.38710403,42.85684204,42.67027283,41.63145828,42.92739105,42.48596954,43.74353027,44.16326523,45.02125168,44.49915695,43.36180878,44.51945496,44.05274582,43.25646591,43.06282425,41.73838425,41.09182358,40.74077988,44.47936249,45.5424614
Brunei Darussalam,84.16868591,83.19325256,83.58944702,82.9486618,83.09052277,83.66603851,85.31147003,87.21500397,89.89176178,90.50059509,91.73864746,91.52812958,91.14807129,90.5925827,92.66539764,95.02642059,95.02018738,94.58857727,95.14164734,94.40737915,94.04619598,93.25301361
Bulgaria,59.56,56.07,59.34,60.72,59.43,59.57,55.67,55.75,55.39,53.8,55.24,54.13,50.8,56.56,58.24,55.9,55.13,54.93,57.64,59.16,59.84,62.83
Burkina Faso,32.58329773,33.63924408,35.60902405,31.18563652,40.3057785,30.94970894,31.69763947,27.36342812,29.28507042,32.30834961,24.93154144,28.9587841,23.12789345,28.98208809,32.53527451,28.37508011,40.0837326,43.30178452,42.50740814,41.813591,43.45897293,42.81739426
Burundi,34.70241928,29.78705215,28.70185471,25.70115089,33.37493134,27.28089142,27.13311958,26.82294464,20.14006805,22.53801346,17.59703827,34.46959686,30.9056015,17.85822868,38.64748383,38.46514511,31.66303062,28.96152306,28.20852852,25.13971901,20.14390373,24.47496986
Cabo Verde,71.29876709,73.01193237,72.79753113,73.35092926,71.35682678,69.10211945,66.25391388,71.06494141,68.44342804,71.54019928,63.25498581,66.54673767,59.89725494,57.76818085,57.13072205,65.81131744,63.56476593,62.27895355,61.79946136,63.48986435,65.40019989,68.27948761
Cambodia,19.77445984,16.91773224,19.38790131,21.41247177,19.39651108,17.83416748,15.69289398,19.81499672,15.53217125,16.06786346,19.73364639,17.05396461,19.37299538,19.98289299,18.49970436,21.70782852,21.80688286,26.51512527,26.89064026,24.30771637,26.86214638,26.58197021
Cameroon,15.6870079,20.08517838,22.14606094,21.97872734,18.92535973,17.28415108,17.34461594,15.34088612,15.0534153,12.80033684,11.35888386,14.87105846,16.28297806,13.22959232,15.57094765,10.12047958,10.18234348,4.1562047,9.70626259,11.1423645,16.08671188,12.67195225
Canada,72.85163879,72.80158234,72.43798828,73.13981628,73.06193542,73.03554535,69.435112,69.59056091,69.75370789,70.19909668,69.88223267,70.22858429,70.50048065,70.90926361,70.74804688,70.84063721,69.84086609,69.61568451,69.68502808,69.51062775,73.69656372,72.91928101
Caribbean small states,45.8923042801338,46.3129394260072,46.2682038872962,46.9157467884941,47.901847056224,46.8275368696901,45.5780558687401,45.5279609352634,46.4422273400989,48.1634910808135,47.4863452635153,46.5624820413399,48.0889150462766,48.1219390317636,47.6406044561373,50.0478609074517,52.3892126297331,54.7317398548456,54.1590177999841,55.9014214520585,60.1378874011415,58.158210380442
Central African Republic,40.23814774,38.34230804,33.9276619,35.0844841,34.25291443,23.70519447,27.62939644,26.93767166,20.7186718,15.19034481,16.17175674,11.30035496,15.89074802,20.62112236,15.57443905,9.05484867,11.0127058,10.93435097,6.26232672,10.55165577,13.59413528,13.94029903
Central Europe and the Baltics,73.7558299140905,73.6595499877256,74.2137522512928,74.4696488883973,72.6558903916597,73.3198044549663,73.1414503670079,73.0694536055863,73.667651722404,73.7622657295674,73.9023014278608,73.1107857796437,72.227124686449,73.1152706138588,73.3551862066219,72.979104936295,72.7969350162775,72.906683650767,74.3709563187719,74.4960169965662,75.8693708258886,75.5971082249313
Chad,38.03084946,34.86683273,28.84228706,31.53384018,34.87210464,29.53806877,20.45419693,23.54964256,19.59093285,20.85106277,20.98161697,21.09589958,24.55139542,28.24672318,28.53781509,21.26423645,17.37352562,14.97930717,14.23211384,15.21876431,16.75219917,17.29240417
Chile,35.79472351,36.36408615,37.54184723,38.24768829,39.46642303,39.34249496,41.34890747,42.25885391,43.52520752,46.86124802,47.10449982,47.15742111,47.93560791,47.6493454,47.73588562,48.01672745,49.65286255,50.39948273,50.82174683,50.91718674,56.28879929,55.62454224
China,21.97528839,22.91764259,25.38583565,28.37373734,30.2440052,32.75773621,35.13990021,39.02609253,44.5223999,49.39831543,51.90623093,53.72208786,55.7352562,57.05029297,58.4154892,60.1810112,58.1014328,56.67334747,56.41641998,55.97903824,54.72392273,54.06824493
Colombia,74.53343964,75.05117798,76.18750763,77.37968445,73.53205109,71.82027435,72.08561707,70.65239716,69.36102295,72.05204773,72.2251358,73.49957275,69.86154175,69.85743713,70.40434265,70.83104706,70.32949066,71.04096222,71.61445618,69.87634277,71.28707886,72.59104156
Comoros,11.87418842,8.03524208,14.32437801,12.8185358,12.02579403,11.32237816,11.18358898,10.44716454,8.54952526,7.69386292,7.54602146,18.04415131,15.37328148,12.92933369,10.59300518,10.13119793,12.3370924,12.82911968,15.61307907,16.06903648,22.04185104,14.77834415
"Congo, Dem. Rep.",4.24373627,4.05678415,4.05790472,6.14846182,4.29449844,5.19146538,5.20041466,5.63560247,5.83298922,6.8586936,10.30625916,10.8527813,16.13481903,13.97492123,13.8438139,16.67854881,12.62530518,9.94900703,15.07837677,15.81804085,16.06189919,16.76400948
"Congo, Rep.",34.19882965,44.16408157,25.38570786,26.12215424,22.64743042,25.15716934,32.47791672,30.83691025,49.09125137,28.83498573,44.73591995,37.1689949,42.88275146,48.19468307,47.99256516,45.54232788,43.15654755,38.36984253,35.32498169,43.84064484,43.1696701,48.98539352
Costa Rica,64.92300415,65.55662537,66.86169434,66.37474823,66.01708984,63.95664978,66.10926819,66.21092987,67.81954956,70.94270325,72.31500244,70.19308472,70.68045807,71.00035858,71.02149963,72.70618439,73.32389069,73.50926971,72.39395142,72.53588104,71.80640411,70.01499939
Cote d'Ivoire,9.5792141,8.47142792,9.20236397,9.40726852,10.22675228,10.56829548,11.71042728,12.92247581,13.20675945,14.95025539,13.30677032,13.18704987,16.85137749,19.57717896,20.84157753,24.98393059,25.68556023,28.72467422,29.06596375,30.20500565,36.75761032,32.85775375
Croatia,85.03,82.2,79.01,81.33,79.82,84.99,84.66,86.43,83.83,82.83,83.41,81.97,82.65,85.05,84.04,83.11,82.85,82.85,82.45,81.54,81.78,84.1
Cuba,83.69687653,81.21707916,80.50537872,79.5318985,80.04374695,84.86508179,85.5968399,90.10673523,90.9694519,91.80177307,90.77864838,88.98712158,86.70360565,87.60781097,90.25088501,90.33050537,89.60745239,89.22185516,88.73808289,89.01757813,91.0243454,91.59378052
Cyprus,41.08,41.83,44.38,43.95,41.29,41.47,42.83,43.16,41.61,42.53,45.75,47.4,45.92,45.56,42.52,42.05,42.03,41.47,42.03,54.16,75.1,84.7
Czechia,88.70406342,87.44812012,88.07415771,87.48166656,87.60249329,85.22625732,85.50295258,83.79242706,80.99499512,82.8833847,84.51136017,84.2374649,84.27142334,84.16907501,83.77411652,83.96208191,83.91020203,84.04471588,84.53879547,84.66940308,87.44061279,86.17588806
Denmark,83.11,83.41,83.81,83.91,83.55,83.74,83.87,83.71,84.02,84.46,84.27,83.94,84.37,84.46,84.44,84.26,84.18,83.96,83.75,83.71,84.76,85.21
Djibouti,41.50927734,39.13702011,34.26072693,35.19461441,40.66967392,36.7196846,40.87779236,42.79135895,50.6607666,52.31084061,55.29401398,63.49311829,57.2790184,61.89267349,59.48296738,51.01298141,48.4814682,46.43390274,49.40736008,48.25865555,50.07352066,33.58561325
Dominica,63.11794662,55.34971619,52.36088181,55.74952698,54.22105789,56.13697815,56.37023926,52.60812378,51.78384018,53.63093567,57.38660812,59.06954575,60.06042862,61.36355209,61.03231049,63.04369354,65.01004791,69.00894928,66.3979187,64.46092224,63.26677322,64.10591125
Dominican Republic,35.02082062,34.89286041,33.68210983,26.42828751,26.76638222,31.99626732,35.09866333,41.19946289,46.49457932,48.91817474,51.10910797,54.09334564,54.73807526,56.51301956,51.29445648,50.14593124,58.22329712,59.69245911,61.20718384,61.14430237,65.65466309,66.83230591
Early-demographic dividend,45.9062596769431,45.076975727756,43.8999907651291,43.9864808956258,43.8593838777817,43.3882684380352,44.9444740004786,45.4754219067849,46.3960831893584,48.2342910895018,47.2183633656944,48.2053152159147,48.9486831197272,49.1939844743725,50.7535859683628,50.9380677536418,50.6012752976998,52.3874653854932,51.2315330332304,51.4334909395223,54.2227502242567,53.3067712675835
East Asia & Pacific,70.3847650591862,69.959697423671,69.2716165924246,68.823644481953,69.0907520823843,68.7917575624344,67.5192190854344,67.8287670715774,67.9285201135906,69.0168726568535,69.2415820453569,70.7024082444805,70.4342953714311,68.7602025006323,68.6812345024059,68.5912848905847,68.2602912323229,67.2114815669063,66.4597765158763,66.3511376284658,66.0340867556451,65.1708130175685
East Asia & Pacific (excluding high income),26.648377339251,27.2646829851656,29.6401658458231,32.1329148958217,33.4913357740204,34.8127633158826,37.3778701358642,40.7810643940129,44.8912813081544,48.6795280607106,49.8216616003386,51.2369886386673,53.4701570504668,54.9627646142268,56.6791561141834,58.5091707870093,56.8228975614758,55.7078898064692,55.5967451937626,55.2131309535604,54.4776192170056,54.0524770056506
East Asia & Pacific (IDA & IBRD countries),26.6575067879965,27.2713287757326,29.644138790114,32.1359561521768,33.4934070088934,34.8146134059957,37.3792452585902,40.7813634881505,44.8905939176212,48.6788881631429,49.8213080642828,51.2368518913319,53.4697352933068,54.9623657120665,56.6790572337263,58.5086941311949,56.8231011706841,55.7078500386741,55.5970724909182,55.213527190273,54.4776727997738,54.0527509349511
Ecuador,28.82132912,33.40997696,31.55958366,30.6402874,31.10674667,30.06250381,31.85163498,39.21026611,39.65284348,42.39567947,47.03132629,47.77166367,51.28704071,56.95405197,61.43726349,57.71389771,60.69910049,61.62122726,63.59970093,62.68743134,60.7310524,63.70191956
"Egypt, Arab Rep.",35.18718338,34.22034454,34.46139908,31.92203712,32.51028824,32.28804016,36.02454758,35.28871155,34.39305496,35.04710007,32.93099594,33.84382629,28.70971107,29.26489449,29.54225349,31.24345398,30.86659813,30.97197151,28.46597481,28.20387077,31.92633438,37.67822266
El Salvador,50.27327728,48.61013412,50.76636505,50.04221725,49.40224075,46.17370224,52.000103,48.41637802,48.12924194,46.45065308,49.10432816,54.06352234,51.75871658,52.61891556,54.51475143,54.90639496,55.62371826,54.41042709,54.59584427,53.52661896,64.75831604,65.89872742
Equatorial Guinea,28.81676292,15.7833271,5.76653957,10.92597294,11.0398922,15.94515419,20.22582245,22.26036072,26.69521713,33.26019287,27.98444939,28.33369827,34.61217117,26.02197647,26.84942818,23.68647194,24.28792191,21.50666046,21.88971329,20.4028759,21.71927643,19.91474533
Eritrea,35.59143448,30.2729435,31.68948746,22.7474041,22.24495316,12.42664433,11.93083954,23.01511383,23.12819862,19.14518929,21.22438622,14.91714001,21.17957115,15.6886816,12.7732029,16.63834572,20.03576279,25.2525959,15.61161518,17.12012291,20.07405281,21.20282936
Estonia,75.83829498,78.00038147,76.12524414,75.57096863,73.50166321,73.71082306,74.33226776,74.76808929,75.64805603,76.34546661,73.40018463,74.11393738,75.15532684,74.44730377,74.51786041,74.43005371,74.41002655,73.49200439,73.58968353,74.36911011,77.0227356,76.16278839
Eswatini,52.30070877,46.39696884,43.86367035,45.73135757,44.37629318,49.35586929,44.20730209,47.34028244,50.28171921,51.67996216,49.213871,42.63955688,43.64648819,44.58774567,37.75821304,41.75714874,41.72721863,50.74531937,43.46935654,53.5355835,53.60876846,53.05363464
Ethiopia,41.22626495,42.67100906,44.1625061,46.45886612,30.73785019,42.14082718,25.12864494,26.65450859,12.01337528,19.50622368,17.26854897,8.52936554,23.4961834,26.98538589,17.72078896,25.25154305,24.99847794,24.93995667,23.19889832,22.60126495,28.23314095,30.52074814
Euro area,74.2855339308507,74.5930289566797,74.4974849322797,74.2387512376236,73.7470577072375,73.910829695562,73.2656774112582,73.1638436777951,73.4889036923736,73.9334811280627,73.8942586831376,73.3063899875447,72.9772003248373,73.1680861045458,73.1906356317371,73.5060479250964,74.2213422386608,74.2500399582671,74.2540166004427,74.0712961494736,76.0239366406612,75.9200478307337
Europe & Central Asia,73.0792485877143,73.4655293729378,73.7868002469081,73.5210784154871,73.3769671041278,73.6141278566748,73.2343852526895,73.1979576267604,73.2111566695821,73.5827179266111,73.3872837667121,72.9143711278275,72.6998428378129,72.6039196317658,72.7539453384919,72.8135538991873,73.2367221176081,73.0625128974909,73.238392037661,73.0579891054923,75.5794293705245,75.5145766549495
Europe & Central Asia (excluding high income),57.4461807690469,60.1163294379535,62.5415750006106,63.9661298678127,63.69800612,62.1496089827628,62.8266279187172,63.0876050443483,64.8678946594713,69.4335154416661,66.699732155337,65.6704941478704,65.4133135485237,64.0510981322638,64.4221011364462,63.7914021703705,64.2972045630488,63.1369676779207,61.5412483240948,61.016877632456,63.0194679782829,62.3135528968618
Europe & Central Asia (IDA & IBRD countries),61.9361858362494,62.9745565698645,63.6413615989322,64.1471296457664,63.5357597000414,64.290478463165,64.5596882456356,65.1163996603223,66.1101519165399,67.3956032779209,66.0885696695212,65.637166242949,65.666024097182,64.8845318775739,64.8523326203752,63.5944580183496,63.2090710200314,62.6214623010136,63.749818596516,64.3145150147016,69.5687361982273,68.8775008493385
European Union,74.7553943123742,74.9652909667078,74.9278562399686,74.7152175405479,74.189417606939,74.3510159046111,73.7781407939908,73.6856249772551,73.9740087054831,74.395097958083,74.39261004,73.9669464398939,73.668198621623,73.8867743199828,73.8823353776211,74.1345986977601,74.7657738262775,74.8058693665057,74.8842672614989,74.733710438639,76.5975948186438,76.4906525919814
Fiji,76.84042358,71.81423187,73.79863739,74.782341,68.07650757,74.21461487,73.94041443,72.27155304,69.44023895,62.0036087,63.89648819,60.13278961,58.61301041,58.48069,61.334198,63.11803055,63.90228271,66.230896,60.06458664,61.72969055,65.01881409,62.38318634
Finland,75.73,76.22,76.82,77.31,77.84,77.81,78.74,78.62,78.83,79.03,78.54,79.17,79.8,79.46,79.56,78.56,77.83,78.01,78.56,80.19,81.33,82.01
Fragile and conflict affected situations,32.0454072246728,37.4354126821062,36.581344956096,34.9645714318808,38.6093808507125,39.1307979136539,37.029577480092,37.8323002095992,37.5681937249365,37.251124292041,35.0020307532509,33.4913084304447,30.5987742515487,28.2649771191807,26.7764388760826,23.9675732709862,28.9507887925644,27.6449144606752,32.37827583,30.5838068826184,31.2777702964313,31.2587229256743
France,72.7290802,72.75836945,73.0019989,72.63542175,72.64557648,72.54794312,71.27339935,71.09663391,70.62645721,70.67965698,70.44328308,70.20536041,70.29095459,70.36158752,70.40142822,72.34539032,75.08609009,75.78040314,75.78581238,75.1590271,76.77419281,75.61846161
Gabon,36.66054916,40.10770035,36.07998276,40.62994766,40.8223114,35.95443726,38.72891998,38.99822235,38.08413696,40.16638565,63.55134583,61.99216843,61.25044632,64.17147064,59.88135529,58.90986633,64.69581604,63.28516006,58.59864807,60.31093597,55.66762161,58.77223587
"Gambia, The",9.03955746,10.82695293,8.63671398,11.01908493,14.40615368,15.1650219,16.26914406,14.25210381,15.64256573,20.28476715,22.29020119,23.88619232,28.25725174,27.69123077,35.78516769,31.4310894,40.36533356,31.62859535,31.98107147,41.18076706,65.05052185,50.66082001
Georgia,11.41,15.84,14.36,14.29,14.57,14.92,15.53,14.7,18.18,21.42,21.31,17.48,19.44,23.56,27.6,35.57,36.64,37.21,39.46,40.82,43.88,53.37
Germany,78.20057678,78.17251587,77.82165527,77.40776062,75.89346313,75.67469025,75.23641205,75.1645813,75.27427673,75.65245056,75.68952179,75.41264343,75.43839264,76.41500092,77.02052307,76.97198486,77.31069946,77.60137939,77.26408386,77.16374969,78.50225067,79.04927826
Ghana,27.79769707,33.52826309,24.14457703,29.11840057,26.14710045,40.34791183,40.04613113,43.20761871,45.14359665,49.33182526,56.0800705,50.23880386,49.1995163,40.46256256,35.07660675,35.0822258,38.35555267,40.52897644,45.99527359,53.63271332,52.55031586,54.05527878
Greece,61.62267685,63.20638275,60.45768738,59.86405945,58.62460327,60.83423615,61.60876846,63.33696365,65.33537292,68.3194046,68.9044342,65.70301819,63.6038208,61.39288712,56.87366104,57.6655159,51.39862061,52.16238785,52.16479111,48.76079941,53.9720726,59.2116127
Grenada,34.71628189,38.21508408,43.90823364,40.89669418,48.35805893,47.05685425,39.97494125,38.34368896,36.44338226,39.93026733,37.95495605,41.62673187,40.99620438,40.49073792,43.84893417,41.6405983,39.77635193,40.54024887,40.6926384,41.39058304,41.15953064,38.94106674
Guatemala,35.44107819,32.64358139,32.3414917,33.17713928,32.32017899,30.5962677,32.47478104,31.9587822,33.77882004,35.6460495,33.65649033,33.43029022,33.36420059,38.37311554,38.00521469,37.93196106,37.6868515,35.84476852,36.00881195,38.4250946,38.27503586,33.76638794
Guinea,6.3444705,7.5861969,11.93354321,8.83014584,5.05032253,6.45940208,6.86976767,6.94310951,8.25548744,7.26658964,10.58917236,13.46775627,14.67796898,14.11661243,12.7720232,7.39020205,12.29850578,15.34208107,16.51498604,22.52398682,19.92493629,18.32088852
Guinea-Bissau,14.163517,10.62324715,8.93595409,12.16519547,13.55316257,11.18083858,9.83766365,11.86259842,10.05704117,10.9842062,8.8868618,7.02833176,8.49044514,7.83588552,5.98356056,6.613132,5.81887054,7.11933374,6.93932724,6.40707111,13.30711365,13.81995392
Guyana,56.10593033,53.42674255,54.34016418,52.89592743,50.60943985,46.9300499,42.01935196,39.3272934,40.33197403,43.21623611,43.12285614,48.58451462,48.46244431,49.65709686,55.0999527,58.58772659,63.00772858,64.63814545,60.1740303,59.22204971,72.18392944,67.59288788
Haiti,21.8201313,19.3897686,14.24369812,14.61649895,17.09963417,17.65004158,8.32102966,21.72797203,22.15389252,22.33143044,17.86717796,7.13250399,8.22239304,11.58277035,10.36076069,11.05177689,11.0194788,12.17581844,12.19812393,10.4180212,12.57991219,12.21604156
Heavily indebted poor countries (HIPC),26.440310661492,28.9956471633463,26.8545487420262,27.484578241329,26.5496856618316,28.1002213281598,27.0875246682956,27.9387433511954,27.3282475797662,28.3457807650504,27.588757873348,26.0075694898615,26.7776492222367,26.0173389708201,26.9919157877574,26.8533988423794,28.6044855446881,29.7714362611089,30.6357622186582,31.1249447676358,33.5294948104412,32.3989084914216
High income,59.4686206756876,59.4075779624299,59.2383474291676,59.6935868309401,60.3761520019169,60.4470662992583,60.4114807984247,60.8472375042078,61.8826146992737,62.3072685456768,62.4493634149127,63.2088065487362,62.7593358706217,62.6097570488844,62.9666643168813,62.2735186592065,62.2591953687674,62.1339282454494,62.3702780379268,62.4178156528186,66.0206940801444,65.5330732958423
Honduras,48.22546768,42.01053238,40.67726517,37.92595291,35.75970459,38.92585754,41.63787079,41.23646164,38.57394028,44.10110474,42.35993195,44.28755569,39.08074951,41.21319962,40.34410095,39.39133835,40.1210289,40.73265076,39.41397476,39.32602692,38.04241943,37.51784134
Hungary,68.85,66.9,69.24,69.98,69.62,70.16,70.35,67.79,67.75,67.98,66.63,66.22,64.84,66.21,66.72,67.79,67.71,68.46,69.22,68.33,70.47,72.22
Iceland,80.78,80.64,81.38,81.28,80.95,81,81.58,82.02,82.21,81.64,79.86,80.01,79.92,80.23,80.49,80.81,81.51,81.86,82.38,82.8,83.33,83.67
IDA & IBRD total,41.274630397135,41.3953986035588,41.5465797867748,42.2821310063314,42.9692753213716,43.655684980189,45.1832420270886,46.5999542813205,48.7338663805884,49.9791609483123,50.0204510227353,50.7227479148273,51.5101066158346,52.0730089418517,52.8203447194162,53.3802141113018,52.5362870660328,52.4501853415943,52.5616228958856,52.5066985430445,54.1217640261046,53.7842103194065
India,20.68,18.88,18.16,18.72,17.98,20.13,20.51,20.9,22.63,25.61,26.21,28.87,27.99,23.07,23.66,25.64,26.84,32.95,34.29,35.07,36.3,34.27
Indonesia,29.66810417,36.45111847,34.0422821,36.37522888,35.34217453,28.91632652,31.71804619,36.07474518,35.23404312,35.13375854,23.68755341,23.47972488,26.32730865,28.4687748,33.48955154,39.59934235,45.52692032,46.47950745,48.67710495,48.56188965,55.17206192,59.41187668
"Iran, Islamic Rep.",37.70975113,38.25937271,39.26384735,39.40636063,36.43323898,36.86399078,41.67243958,39.82310104,37.07612228,36.65011978,32.35562897,33.35521317,34.30874634,38.49046707,50.37070847,48.96747589,44.92891693,46.04753494,44.42048645,44.46880341,51.421772,55.23709869
Iraq,,,,45.25849152,69.86952972,66.96305084,61.48527145,63.38371277,77.38848877,76.67063141,73.49710846,74.24197388,37.45703125,40.81427765,37.21397781,23.15504074,55.45585632,41.57748413,49.10013199,49.3704567,45.03430557,49.34173965
Ireland,77.51446533,78.43862152,78.99121094,78.76317596,78.9164505,78.86785126,77.82533264,79.23339081,79.3214798,77.07170868,76.17775726,72.06628418,71.91573334,70.79932404,71.20056152,71.79323578,72.46882629,72.97912598,72.99652863,74.24878693,78.03440857,77.39710236
Israel,63.1,62.68,64.01,62.51,61.78,59.93,62.32,60.59,61.28,61.22,62.8,62.59,62.61,63.42,63.13,63.42,63.32,63.88,64.66,64.82,68.19,68.18
Italy,72.64,74.62,74.96,75.33,76.24,77.49,77.75,77.49,77.68,78.31,78.45,77.01,75.88,75.76,75.42,74.44,74.4,73.74,73.86,73.74,75.93,75.46
Jamaica,56.46753311,46.55213165,58.18743515,48.49776459,51.48247528,49.13597488,47.54182816,50.07468414,52.59539413,57.27659988,57.52955627,59.11227798,56.95797729,59.9907074,59.26103973,63.27166748,63.59469986,66.11666107,65.16104126,65.24877167,68.25802612,71.19547272
Japan,80.43,80.96,80.75,79.96,80.27,81.17,80.32,81.25,81.17,81.29,81.93,83.74,83.93,84.26,84.12,84.08,84.04,84.21,83.77,83.96,84.86,84.72
Jordan,44.98270035,45.62797928,47.408535,46.58573532,39.31506729,51.70669937,51.27906799,56.70307922,60.5128212,67.08152008,66.70902252,67.44730377,64.40774536,61.5516243,64.4750824,53.54001617,45.77644348,44.80283356,42.96430969,42.94781876,39.04485321,35.57975388
Kazakhstan,50.95,56.65,53.5,54.81,58.25,64.91,68.09,66.27,74.32,75.91,67.39,70.8,68.15,69.36,71.72,63.14,59.62,62.01,60.84,59.94,65.8,65.33
Kenya,27.54567719,28.12321281,28.84060669,27.70645523,25.48611259,26.39871979,23.06648064,24.37117577,25.64528656,27.70339012,28.96219444,30.8654747,32.40784454,33.68307114,37.40696716,40.38045883,42.80955124,42.93966675,43.10948181,45.97900772,49.36582184,48.73331451
Kiribati,96.68,96.3,95.84,96.14,97.12,96.42,83.09,80.49,74.44,63.78,90.79,94.04,88.65,81.71,82.51,84.2,85.13,85.57,80.63,90.8,69.73,75.11
"Korea, Rep.",50.6124382,55.332901,56.24820328,55.72341156,56.19721603,55.85694504,58.051548,58.77534103,56.94813156,58.55349731,58.39510345,57.58573914,56.68458176,56.94832993,56.24461365,56.31253433,56.34820938,56.9288063,57.37576294,57.88367844,59.83224487,61.00071716
Kuwait,72.54471588,78.88748932,76.80326843,76.89358521,76.26428986,76.21052551,76.52494812,76.42373657,78.0923233,81.58335114,84.20078278,84.47299194,83.46147919,83.9683609,84.58882904,84.85922241,85.31620789,85.70923615,88.22940826,88.14811707,89.33211517,89.71035767
Kyrgyz Republic,48.35,46.84,48.34,38.92,37.68,50.99,50.67,44.51,44.38,50.45,49.14,51.96,49.6,48.21,37.36,37.93,38.94,37.95,48.39,51.42,44.84,53.44
Lao PDR,28.8425827,30.98994255,27.55243874,24.47424316,22.43296051,27.17383575,21.90361023,18.08647156,18.54986382,33.11112213,20.73244667,18.86988258,21.03191948,29.69613647,29.7475071,35.209095,32.4010582,35.18819809,38.69595718,36.93346786,38.45669556,26.21234703
Late-demographic dividend,42.4650664280742,43.6128688553544,45.2216451984352,46.7042446317384,47.3910780449525,48.5309645900198,49.9226204413843,51.4554653646141,53.6881675272933,54.528761558523,54.8839550799532,55.3200236321578,56.1664442826957,57.003748138342,57.4490060111156,58.2648439537861,57.053808038959,55.6265863076725,55.9639286856757,55.9445107960362,57.4847358092021,57.2959723467345
Latin America & Caribbean,47.0357258817312,46.6866832493422,45.8538956163395,45.624159553316,45.8868957524888,45.2501318989389,46.192584637246,46.9740920631122,48.3411051331978,49.9570440794366,50.6881359082562,51.075198670991,51.1682805351297,52.4502373791601,52.3161746206266,53.5004763451673,52.813786036953,51.8619213785026,50.8296953372726,50.5241217662855,54.5572526204523,53.2202085658602
Latin America & Caribbean (excluding high income),47.5203206069455,47.0213945262205,46.075284674727,45.7531446639108,46.0062610588754,45.4262609176054,46.3179253142224,47.0550294202929,48.3641183706598,49.9010823074675,50.6777352929093,51.0838926581411,51.1271098605865,52.4600963270951,52.2933028324581,53.5592757470711,52.6924072189895,51.5870305931809,50.4576479520545,50.2901323297817,54.4300764350903,52.919146520056
Latin America & the Caribbean (IDA & IBRD countries),46.5115067665069,46.1338259947059,45.161947372571,44.9391146741762,45.2765271188981,44.4118212194208,45.3695948869043,45.8608226669917,47.3271494940005,48.8506813674636,49.9009141637398,50.3357373732562,50.5801306102151,51.7947343008111,51.4651153679322,52.45023908,51.7230511562925,50.88718017,49.830764134411,49.4443542219732,53.2324455946858,53.2153502749952
Latvia,50.75,48.73,49.58,49.83,56.17,55.7,61.54,60.89,60.33,59.65,60.18,63.5,60.35,60.01,59.67,58.68,55.85,57.17,59.72,59.86,63.44,69.33
Least developed countries: UN classification,27.5676184496935,29.3288968184202,27.7082092630695,28.4000635562036,27.8414828442053,27.5379625840691,27.0921691638123,28.0837294522475,28.4221110355081,27.9225636014547,25.4377479476302,24.4232759314259,25.4763660819569,24.7746066651552,24.6395297768822,22.4683592131516,23.5290906924096,25.0111919522738,24.0918001556589,23.3298714394739,24.8963439416026,24.3960761298718
Lebanon,29.8194313,32.68748093,32.85642242,33.90073776,37.12298584,38.41324997,41.0092659,41.04162979,39.34031296,38.19932938,40.30947113,43.7142067,43.50121689,44.15307236,47.47927856,45.5106163,47.00899887,47.11582947,46.72896957,49.29297256,44.43261719,28.85609627
Lesotho,56.40678406,54.71739578,54.29267883,58.87579346,57.02822113,48.25924683,56.40364075,64.23962402,56.99528885,54.34573746,52.10932159,54.36164474,56.00999069,55.65955353,58.08453369,60.45363998,60.51696396,57.10967255,50.09978485,48.31378937,46.48377228,41.15604782
Liberia,22.43314171,23.33693695,24.73352623,15.67187214,8.15759754,7.63502407,7.77595329,16.97065544,15.32684326,10.35317326,12.29618359,15.63554859,19.01746559,4.83034563,9.38659096,11.50230694,14.0714283,13.24830627,16.29847336,16.10596466,5.47854662,6.53418064
Libya,48.70888901,54.47205734,66.91075897,66.24486542,65.78649139,64.65328217,65.3585968,66.52918243,67.65815735,68.7928009,69.93810272,63.29393005,,,,,,,,,,
Lithuania,67.26,70.2,72.81,74.31,62.63,60.7,62.43,65.83,70.72,71.88,71.09,70.33,66.62,65.59,66.57,66.09,65.76,65.46,65.99,65.09,68.7,67.18
Low & middle income,39.3176914704516,39.0440065842121,38.8171067242742,39.5517610607472,40.2531101327823,40.6864282861032,42.2786399109215,43.6796601428241,45.7460592415237,47.8864857072075,48.1078289392454,48.9719036802008,49.8063138760337,50.5525538848755,51.6358083098577,52.7983225391332,51.9383020671594,51.732001231549,51.6023496226006,51.4560080882217,52.4104036137247,51.7142381343216
Low income,29.3698518206123,34.6324775238432,32.8166070734496,33.4352960522761,30.7812519921344,29.920727211426,26.8209116460942,27.4524172961971,24.7272755451793,25.8047198463463,24.1742685734169,21.236519369769,22.3906765154148,19.0158920675605,19.6897665238646,17.7946426367001,20.7079394690979,20.1637519080118,20.1386734797882,19.7655615051967,23.1375129900114,22.3163650880562
Lower middle income,28.7286922608534,27.4421280599087,26.998126912992,25.5801651877272,25.9454289251237,27.1420359574798,27.5539268516635,27.6815697517663,28.9876038374404,30.6323708031965,30.26374466,31.3531390634432,31.3553478669784,29.1399141760038,29.6823219622579,30.6832939209602,30.8875382124733,34.0798230005944,34.7266295354601,35.1708549715268,36.614522583628,34.8343227118921
Luxembourg,83.25,84.05,83.96,83.86,84.5,84.15,83.78,85.36,87.65,86.71,85.93,83.41,83.63,83.86,84.26,84.51,84.44,84.78,84.92,85.87,87.36,86.91
Madagascar,46.2881546,44.70154953,35.40578461,43.36933517,41.43759537,37.07242203,37.32104111,41.33141327,34.57699585,29.81909943,39.76140213,37.11377335,38.09178162,34.7657547,39.17490768,39.75247574,44.48103333,46.77279663,35.55943298,22.01306152,18.52955818,21.03363609
Malawi,43.16402435,40.60341263,36.14543533,35.3936348,21.06389999,24.47987747,19.21144295,13.49691677,22.39311028,17.97539139,22.00963974,21.6523304,15.88224602,18.02148628,22.73353958,28.64990425,24.73157692,22.66757011,24.44002914,23.41406059,22.28953171,18.3855381
Malaysia,46.65708542,50.51286697,51.21377563,51.94099045,50.93671799,48.89989853,53.87238312,52.91726685,53.12097549,55.55441284,53.05662537,53.24521255,53.93135071,53.90561295,54.73529434,53.20423126,51.03430176,51.74508286,51.25687408,52.33452988,53.29985046,56.21326447
Maldives,33.15,32.6,29.03,31.69,30.88,33.62,36.78,47.13,55.77,57.7,52.96,46.41,48.53,52.72,61.97,71.81,72.06,71.24,77.29,78.34,79.99,71.6
Mali,23.65808487,23.32247543,22.20696831,27.96581078,30.44489098,26.89441872,22.43553162,18.97412109,14.19839668,12.771595,14.29752636,15.06325722,11.0209074,20.56299591,19.89782524,22.35896111,32.03073883,32.04769135,30.84214401,29.22816658,40.00576401,29.33131599
Malta,71.79,68.67,70.4,69.84,69.54,69.13,68.49,66.81,64.75,64.92,64.58,64.44,65.64,67.56,61.61,60.83,63.03,62.9,63.48,62.51,66.68,67.37
Marshall Islands,55.25475311,53.63324738,49.29825592,47.06203079,42.073246,27.90991211,20.78090858,44.43914032,36.52116776,37.87422943,32.70422745,44.91473389,46.35627747,49.28966522,44.53593063,42.23008728,44.1667366,43.1265564,48.14173126,45.95114136,47.00363922,42.38759613
Mauritania,13.90349865,15.26105499,21.81937218,19.14415169,19.07376862,24.08251953,25.02090454,26.55638123,29.46074867,28.25592041,27.74844933,30.30716324,33.88728333,37.75722885,36.1193161,38.62218857,38.73484039,37.13553619,35.29278183,37.70264435,44.07580948,38.78913116
Mauritius,53.52764893,53.78347397,52.89988327,52.44577026,54.3626976,48.18608093,44.88021851,41.81178284,35.28038025,37.88376999,44.14370346,41.1276741,44.44336319,41.80387115,45.07291031,41.67557907,44.11246109,44.07292557,43.99140549,47.10423279,51.36526489,49.19724655
Mexico,45.21740723,43.75762177,42.68946838,41.50918961,43.45798111,42.23654556,42.8270874,43.81832123,45.91357803,46.66847229,50.21874619,52.8038826,53.0821228,53.75115967,52.08169937,52.20096588,51.27971649,50.53536606,49.62833023,49.16729355,52.88224792,50.09624481
"Micronesia, Fed. Sts.",22.51299095,21.58382225,21.49479294,22.01756477,19.33326149,14.99796963,24.33444977,22.22969818,24.5708828,17.40960693,17.46847534,23.17686462,20.96424866,22.86442947,28.49024773,25.79453468,26.50352097,25.85698891,26.30953407,28.37456131,24.66935349,17.28089905
Middle East & North Africa,54.8503408535774,56.0037878640033,55.4519709047622,55.4187252084907,54.2058371751768,54.1031873795133,56.2513579344803,55.2213965907096,54.8109661373103,55.3224316676751,53.0570454456011,54.5943540605983,54.0145212507082,57.0859475188625,60.1532347557085,58.3693841678019,59.5222027819405,58.4824788739185,57.7358368580734,58.7285428702008,62.7575239190493,63.3126965419209
Middle East & North Africa (excluding high income),40.6512608189002,42.0469153647833,42.8184732673318,42.9526269948648,42.6879823226957,42.5696420862891,45.6068567163953,45.8667925256708,46.7370765854236,45.9413640207275,43.1372241021023,43.9592932546038,41.6249989840443,43.9332347656462,48.0790164764034,45.2058024346086,46.3606639623971,46.1565810655023,45.4788349732652,44.6338854269412,46.5983954380968,48.5279178027605
Middle East & North Africa (IDA & IBRD countries),40.6512608189002,42.0469153647833,42.8184732673318,42.9526269948648,42.6879823226957,42.5696420862891,45.6068567163953,45.8667925256708,46.7370765854236,45.9413640207275,43.1372241021023,43.9592932546038,41.6249989840443,43.9332347656462,48.0790164764034,45.2058024346086,46.3606639623971,46.1565810655023,45.4788349732652,44.6338854269412,46.5983954380968,48.5279178027605
Middle income,39.4862981024099,39.1135632692022,38.9297223707121,39.6694507272321,40.4408149409554,40.9009536432812,42.6049005864054,44.0368228644962,46.1954969126281,48.3554727813325,48.5580346937351,49.4413668811905,50.2339008381625,51.0258124505987,52.1278783582082,53.3302434302028,52.3741914403349,52.1318869643082,51.9636292783401,51.8258546837141,52.7735272201314,52.0540639917176
Moldova,48.95,45.96,47.91,45.77,59.17,52.72,49.26,51.09,48.21,42.65,45.86,46.67,48.53,46.7,49.35,45.54,48.79,50.61,56.53,59.67,64.82,65.25
Monaco,80.03048706,80.09584808,80.19763947,80.99772644,81.11898041,81.06395721,80.83707428,80.18663788,80.54279327,81.32985687,81.44243622,81.15370178,81.30145264,81.11894226,81.00167847,80.87979889,86.64012146,86.91256714,86.83335876,86.17482758,88.01717377,89.76320648
Mongolia,74.27997589,69.25334167,68.76264191,67.93166351,63.89244461,60.51927185,66.44078064,70.71641541,70.62197876,69.54904938,65.3796463,59.44941711,60.78548813,55.87151337,57.14994431,56.92871475,55.98025894,52.07557678,46.20794296,47.15842438,55.06032181,65.56711578
Montenegro,,,,,,,,,,,,60.97,63.95,57.81,60.7,59.81,60.12,57.39,59.55,60.84,62.47,61.18
Morocco,25.35758781,26.27703476,26.62359238,24.45622253,23.88543892,25.20932388,36.87304306,37.57279587,39.01806259,40.3224411,39.90460587,41.98439026,43.21115494,44.27531815,38.73244095,38.83265686,39.37893295,39.70824814,40.19128036,40.53897095,42.23188782,38.85395813
Mozambique,52.05080795,47.69022369,37.61099243,36.15564346,31.78746223,33.83922195,28.95491028,30.85032272,29.42297745,25.23112679,23.49941826,25.5083828,24.03585434,24.78886986,27.48966789,27.03023148,23.92681694,22.23585129,22.339571,23.14440155,31.66282845,28.39583206
Myanmar,13.16,11.27,13.92,10.21,10.88,7.29,11.95,10.04,8.11,8.66,9.84,11.96,17.22,18.87,24.18,21.99,13.99,14.79,14.83,14.09,15.13,18.83
Namibia,52.09880066,50.91532898,52.95806122,52.7614975,48.76467133,44.68073273,40.79632187,43.75522995,41.65367126,38.20807648,40.9923439,41.62049866,41.76861191,46.12751389,46.1844101,42.20663452,46.89563751,46.50363922,46.53356171,47.27647781,49.64456177,47.4595108
Nauru,87.88237762,79.89173126,71.12905884,74.91121674,71.08334351,89.87303925,87.56684875,69.41306305,54.778965,51.3240509,59.79454422,56.9617157,45.5038414,54.32403946,73.54259491,60.23104477,89.81099701,73.37230682,88.07914734,89.48764801,77.86387634,86.8216629
Nepal,15.51,15.32,20.13,17.12,15.99,19.06,23.9,18.47,18.63,20.41,18.13,17.89,17.52,16.34,17.21,16.63,18.58,22.56,23.57,24.81,30.05,33.2
Netherlands,68.91,69.5,69.84,70.04,68.47,68.3,66,65.87,67.57,68.05,68.42,68.38,68.46,69.01,67.83,66.05,66.05,64.32,65.73,65.99,68.89,69.73
New Zealand,74.48747253,73.18119049,74.93328094,75.49771118,77.03676605,76.9478302,77.2213974,79.29507446,77.62826538,77.72038269,78.27069092,78.7793045,78.51128387,77.63804626,77.43386841,74.69454193,74.55416107,75.4573822,74.8283844,75.53417969,77.87045288,77.03884125
Nicaragua,49.00287247,44.83742142,42.93980026,42.03562164,37.53733826,40.2927475,45.02325439,45.32595444,44.5170784,49.61494827,46.10338593,47.3896904,50.06705093,50.64857101,52.12518311,56.08240509,57.7879715,58.32678604,60.91954041,61.56835938,61.83810425,63.3996315
Niger,24.25454521,24.24101639,25.01191521,22.55856323,23.72384262,32.67007065,34.34486771,27.64998817,29.55328178,28.80542183,26.44500732,26.10781479,24.14341927,30.01208878,28.67515373,20.7880249,24.28881836,33.80760956,33.3120842,35.69034195,37.49778366,36.49679565
Nigeria,18.31479263,26.89140511,21.33314896,18.39930725,25.94121552,25.55648804,21.18177032,19.91349602,17.87425423,15.92125893,13.60430336,14.43568802,16.20215034,14.30348778,13.3177433,16.44574738,13.0209322,14.2133503,16.09827423,15.73634243,14.96697235,13.27266693
North America,45.6808651487168,46.5255151586909,46.3489127841187,46.2787663331449,46.797184272742,46.9318366606446,47.6297078831053,47.7436590374874,48.8781121919761,49.7795299545978,50.2409591395035,50.3975841550251,50.3079367343267,50.9229400434483,51.9965501493016,52.4051036204493,52.1460842032954,52.1317808873019,52.3994226017206,52.7116371431895,57.8686999608242,56.4100366520018
North Macedonia,53.12,54.38,52.69,54.99,55.75,56.98,57.09,61.49,64.59,62.68,60.57,62.23,62.51,65.65,63.89,64.95,63.65,58.34,58.19,60.25,60.4,54.49
Norway,81.68,82.8,82.88,83.17,83.02,83.05,83.34,83.7,84.13,84.44,84.68,84.42,84.76,85.02,85.29,85.51,85.38,85.12,85.7,85.72,85.97,85.9
OECD members,59.3003426609216,59.217660011311,59.0614900681717,59.5027208904095,60.2300271605759,60.2221084849571,60.1912812263936,60.6316827085625,61.7328305220544,62.2518969017427,62.4449167538109,63.2137579530219,62.7129957374035,62.5547030258101,62.8725114680416,62.2214218514209,62.2109601168518,62.1121772657537,62.304794498791,62.2895647301201,65.7586239616013,65.2245890336577
Oman,81.7517395,82.02848816,83.46998596,82.8730011,81.91400909,82.34389496,80.68894958,81.14011383,78.83358002,81.29703522,82.71356201,81.82298279,82.73907471,87.54677582,89.93782043,90.21833801,89.86612701,89.19998169,86.43023682,87.54851532,89.12307739,87.19075012
Other small states,66.5781956332564,65.8148630971718,66.5273285054685,65.7068502220031,64.9970251423752,65.5576756936326,65.1489658810908,65.4854663995927,63.576203024026,63.2419614387746,62.9495803426657,63.0522983130275,63.6180745926685,63.492440942968,63.0284580867545,63.7079302439367,64.019396718886,63.6471621214183,64.3445637068357,66.3210588154916,71.7607434977867,73.4696189872098
Pacific island small states,70.5050286717526,67.7309545029574,61.9938543131874,64.4994258606224,59.0199548198899,58.7026848788306,59.9087166377323,63.1137732326041,59.073835272315,54.284463739148,56.7736798934439,57.6202937028364,56.646912615406,55.9701107448865,56.4237637589713,58.8573870679672,60.1739065893923,62.0789961317619,61.7094946222909,62.1985776395138,62.5437715142308,57.7647977062935
Pakistan,35.37877274,35.47306061,37.74713516,24.75351906,27.3761673,22.07991219,16.99740982,17.33167458,15.61409664,20.50611687,21.78418159,20.42874908,27.7246418,26.22901154,24.29952621,27.52150345,27.29105186,32.75922012,33.08931732,33.11872482,35.20631409,29.0236187
Palau,53.12785721,50.80759811,44.66648102,44.05967712,41.82370758,37.38031387,38.01584244,34.67961502,32.33954239,38.77246094,41.67619324,46.84192276,48.39294815,47.32155228,50.12292862,48.60353851,50.30583572,48.71811295,50.49901962,51.61468124,45.58494186,45.14844131
Panama,64.54045868,63.43083954,62.68090057,62.00148392,63.27493668,59.34191132,62.07464981,66.02394104,67.00431061,66.5533371,64.42053986,61.9981842,60.0283432,62.52510834,61.2506485,60.76750946,61.06046295,61.60212708,58.00348282,56.74044037,54.25771332,55.55649948
Papua New Guinea,84.29892731,72.48248291,63.56960297,58.09656906,65.54499054,65.86605072,67.14328003,67.50900269,70.90849304,66.83551788,61.69794846,65.26032257,68.32616425,66.21203613,61.77156067,75.75406647,71.99608612,75.41253662,70.2098465,58.32541275,68.72771454,50
Paraguay,38.62810516,34.72915649,30.839571,33.21828079,32.39444351,32.83646393,35.10884476,34.57382202,32.16811752,38.40326691,38.98971558,42.27583694,46.43540955,43.74411774,47.70785522,47.17183685,47.15675354,45.79688644,44.91922379,46.34746552,53.8502121,55.598526
Peru,53.02311325,52.43683243,51.07718277,50.92061615,52.00365067,54.98987579,50.25698853,48.67154312,48.09185791,50.36264038,51.89973831,50.97025681,52.4915123,55.84547806,59.54759216,60.87936783,61.65927505,62.16949844,61.49790192,62.89107895,68.83061218,64.8544693
Philippines,44.4,40.6,37.04,36.22,35.72,33.1,32.09,31.32,30.14,30.65,31.9,26.38,26.29,26.21,34.11,37.67,37.26,37.44,38.86,40.6,45.2,39.33
Poland,68.21,70.34,69.96,68.58,67.46,68.52,68.98,69.69,71.21,71.75,71.35,71.03,69.83,70.3,69.94,69.33,68.64,68.82,71.09,71.38,71.89,72.1
Portugal,69.74,70.17,71.99,70.6,70.56,70.9,63.44,62.71,62.5,63.8,66.52,64.51,61.28,62.29,61.74,61.67,61.57,61.14,61.16,60.78,64.22,63.11
Post-demographic dividend,59.3765656057132,59.2770147181754,59.0984801768955,59.5594250566178,60.2680140207617,60.3122898442195,60.2554861005792,60.6817806520376,61.7035613537087,62.1666818192416,62.3377629383446,63.1015667177103,62.6061549076103,62.4341946196609,62.8070084543492,62.1557307127574,62.1363488451493,62.0378854100332,62.2399072730688,62.2236545888566,65.7225742547643,65.1603914148486
Pre-demographic dividend,21.5402783758156,26.3387213305843,23.6191563579092,23.71539995,29.2161082135938,28.7003771058751,26.6685613466355,28.3095683949377,30.8531362374203,30.9063314900289,28.1223437427066,28.4490891218462,25.1989333482097,24.3631239636225,24.065280091498,22.3010463359987,27.2568175677951,26.1530030433109,28.328226226838,28.3963553290604,29.1402751036029,28.0261165758411
Qatar,59.51539612,63.04549408,62.91417694,75.02135468,74.98792267,74.91226959,74.8364563,74.76049805,74.68438721,71.01411438,70.99030304,73.54415894,79.14241791,84.17029572,86.74364471,87.8764267,85.80706787,84.43958282,84.66618347,84.99299622,86.67664337,85.02642059
Romania,79.26,79.75,80.4,83.07,73.81,79.78,79.29,81.45,81.09,78.66,79.89,74.98,76.87,78.95,78.88,77.94,78.18,78.59,79.69,80.14,80.08,75.65
Russian Federation,59.36,58.04,58.3,58.1,58.77,61.14,61.73,62.05,62.63,62.07,61.38,62.65,63.71,62.38,61.79,58.72,56.95,57.09,59.46,61.15,71.94,71.17
Rwanda,18.07324982,21.05078506,24.23161316,33.24933624,25.68224907,20.90827942,19.48679924,22.22127724,23.98719215,24.10978508,25.22313118,27.69262123,25.35917282,32.06929779,31.39990044,31.6441555,32.09072113,34.8804512,34.95684433,39.66534805,40.43887329,40.8235054
Samoa,83.6565094,81.70815277,76.05282593,67.51974487,66.7490921,68.5847168,70.46975708,69.10444641,76.50863647,77.69191742,75.41436768,68.11889648,78.45153809,64.78637695,72.55534363,72.64682007,67.53387451,75.99895477,77.40568542,76.51615143,76.14888,75.26429749
San Marino,,75.60094452,74.80620575,76.23789215,77.02443695,78.13009644,78.90351868,79.97353363,80.30082703,80.85256195,86.26647186,88.75460052,88.66449738,89.05861664,88.02320099,86.39781189,87.63438416,87.61370087,88.88764954,88.77916718,89.74449158,88.14421082
Sao Tome and Principe,33.22256088,34.03376007,35.11368561,47.64787292,43.34691238,43.26140976,6.44539833,20.27960968,17.06006241,23.46815872,29.8413887,33.26810455,32.57883453,33.54168701,35.13707733,31.6226368,40.31388474,46.02086258,44.3321991,40.73101044,40.54506683,42.87030411
Saudi Arabia,72.05238342,72.5404892,72.31415558,72.37438965,71.47950745,72.49501038,72.98228455,70.38717651,63.59476471,64.98739624,61.93257141,67.06874847,68.28318787,69.59436035,71.36855316,68.47387695,69.59159088,71.84702301,70.29850006,73.78594971,78.2905426,76.9837265
Senegal,35.28704453,38.45635605,33.89720917,35.94266891,35.61400986,43.40821457,46.75199127,38.61841202,39.55493164,36.61406708,28.84072113,31.05285454,28.5742054,26.69496155,24.60432434,24.62842751,25.09403038,24.27260017,25.24784088,23.52870941,33.42175674,25.85619545
Serbia,65.4637146,66.83296204,72.16741943,69.85958099,67.85735321,65.45954132,62.49607849,61.0190506,61.87797165,61.65007782,61.00416946,61.12112045,62.11659622,59.86000443,58.25764465,57.68479919,57.57844543,57.47877121,59.36805725,58.33802032,60.94442368,62.52470398
Seychelles,82.11167908,74.92527008,83.55031586,81.49368286,77.76924133,77.54217529,78.3006134,79.0234375,66.42314148,67.4050827,69.00083923,67.5587616,74.50395966,75.44978333,69.3451767,72.19033051,69.14846802,73.04444122,73.34968567,73.25081635,78.15513611,76.51177979
Sierra Leone,10.50425243,12.4444828,11.60731792,12.13796902,11.38921261,10.87024307,10.04858017,8.28462601,8.0939045,10.11566544,14.43241596,10.69332123,10.8063612,6.95602989,6.7925539,6.54666138,6.57119513,9.05301762,9.27250576,13.61179066,14.62678528,22.63207436
Singapore,36.332901,27.88504791,31.32804871,37.07473373,32.46378708,32.98620605,33.92041016,33.49145508,37.30626678,34.88009262,35.87981033,37.1176033,39.30094528,41.70170212,45.03730774,47.07733917,47.34394073,48.26660538,50.00757599,51.70983124,59.91770172,62.99456024
Slovak Republic,87.48,88.14,87.94,87,78.72,75.14,69.67,68.72,74.72,71.64,71,72.11,71.12,73.31,79.33,78.74,79.96,79.04,79.21,78.82,80.27,79.73
Slovenia,71.39,70.56,72.43,71.97,71.99,72.22,71.74,70.24,72.16,72.02,72.36,72.27,70.85,70.3,70.52,71.35,72.29,71.8,72.41,72.37,72.57,73.2
Small states,62.3317032827169,61.7659669524435,62.1962346959612,62.3176806811305,61.8963272935473,62.2474394158571,61.6504490150496,62.3062855708559,60.8360069585687,60.517427349894,60.2562822659164,60.4266238261525,60.9289048313724,60.904323834661,60.5432676738502,61.3972903052288,62.1575552273971,62.2645882481557,62.7999991241795,64.6281867966047,69.8146240859819,70.9728950808105
Solomon Islands,92.08267212,91.21604919,56.78042984,74.03453827,63.30039597,70.99422455,65.59380341,69.08486938,57.31636047,47.00209427,63.26678467,57.15138245,60.45798874,60.57056427,60.48699951,69.03347015,71.64044952,74.59312439,78.51359558,75.37206268,75.5433197,69.81180573
South Africa,36.59454346,33.73316193,34.52814102,39.63604355,39.36867523,40.00241852,46.9732132,47.79261017,47.35287857,49.73912811,51.32851791,51.8671875,51.72668076,51.15374756,55.56298065,57.07562637,56.59904099,57.23299789,57.15487289,58.34331131,61.78703308,60.38438416
South Asia,23.6102530632403,21.4343527983145,21.09077555,20.3698956669278,19.8351406240901,21.1332338942057,20.9886363512515,21.2521001404243,22.5036309977785,25.175842335711,25.7274568142549,27.8087941673431,27.4978063849996,23.4982728533055,23.7711084596228,25.5678336166644,26.6259205445771,31.7847211806392,32.8992649770994,33.4453440990466,34.5795921059187,32.3255433097618
South Asia (IDA & IBRD),23.6102530632403,21.4343527983145,21.09077555,20.3698956669278,19.8351406240901,21.1332338942057,20.9886363512515,21.2521001404243,22.5036309977785,25.175842335711,25.7274568142549,27.8087941673431,27.4978063849996,23.4982728533055,23.7711084596228,25.5678336166644,26.6259205445771,31.7847211806392,32.8992649770994,33.4453440990467,34.5795921059187,32.3255433097618
South Sudan,,,,,,,,,,,,,,,,,,8.44199562,10.1771431,11.16941357,7.70280552,15.86570835
Spain,71.62882996,71.30210114,71.31315613,71.10389709,71.349617,71.55540466,72.09972382,72.30305481,73.28401184,75.07224274,74.44487762,73.48394012,72.10810089,71.0064621,70.26394653,71.31565094,71.55289459,70.50817871,70.22432709,70.547966,73.14463043,71.60453033
Sri Lanka,53.63,52.57,53.45,55.08,52.7,52.64,50.96,48.5,43.22,40.6,40.44,42.54,42.22,45.42,44.73,43.96,43.12,41.01,45.69,47.32,48.94,46.45
St. Kitts and Nevis,41.9220047,43.65345001,43.34912109,44.12151718,48.11813736,46.98352814,44.77465057,43.42341995,33.88892365,37.32194519,37.58870316,36.99466705,39.16942596,38.04808807,40.918293,37.83431625,40.13845444,41.57165146,45.95744324,49.25549316,53.81437683,57.48508072
St. Lucia,34.41186905,34.90360641,33.95426559,31.34615898,32.91966629,32.98304749,30.42996407,28.1127224,31.53466606,34.6420784,35.93708801,35.75727463,41.4114418,41.0923233,41.40476608,44.13460541,44.12839508,46.63689423,47.42417526,49.65974808,44.1080513,42.3945961
St. Vincent and the Grenadines,69.88700104,68.41692352,68.58496094,66.40290833,63.84764481,62.75797272,59.48319626,55.8681488,59.46895981,61.08785629,59.227108,56.6443634,62.02176666,63.07372665,60.64696503,61.38366318,63.1363678,63.62914658,65.82598114,67.42266846,67.3024826,67.71736145
Sub-Saharan Africa,31.3607534631845,31.7339352585079,30.7623851254537,32.6898241060569,33.9415971685955,34.1914437841588,35.5486321188015,36.0099894363379,34.9475182920019,36.5909242049427,37.2478475267541,37.4407763746388,37.4288977691095,35.2334849496644,35.733060575749,36.0248094031396,36.1789643197336,38.4957647702876,39.6011352005052,39.7709814841791,41.1511341789657,40.3228114294793
Sub-Saharan Africa (excluding high income),31.2942316540591,31.668134181267,30.6832862078082,32.6324394649208,33.8936568406804,34.148545187417,35.5101522622106,35.9797943324714,34.9298080342657,36.5764159021442,37.2293758933661,37.4244943117937,37.4038699926861,35.2079205354401,35.7089261741375,35.9978858409684,36.1479670631413,38.464739712085,39.5690975295007,39.7399320230377,41.115044114783,40.2946016690314
Sub-Saharan Africa (IDA & IBRD countries),31.3607534631845,31.7339352585079,30.7623851254537,32.6898241060569,33.9415971685955,34.1914437841588,35.5486321188015,36.0099894363379,34.947518292002,36.5909242049427,37.2478475267541,37.4407763746388,37.4288977691095,35.2334849496644,35.7330605757489,36.0248094031396,36.1789643197336,38.4957647702876,39.6011352005052,39.7709814841791,41.1511341789657,40.3228114294793
Sudan,33.82594299,33.33333206,34.20050812,32.46046829,37.85013962,39.070961,36.38067627,36.19216156,31.93631744,41.11616135,32.54711533,22.84302902,26.2535038,16.53942871,25.27283669,14.19444275,22.69012833,18.02452278,23.28133202,22.7021122,34.17627716,27.04865837
Suriname,48.38562012,48.61003494,46.13042068,43.72706985,44.50475311,45.05426788,46.40096664,49.49171066,44.19250488,45.95678711,42.37413788,40.63019562,40.9983902,42.10774994,41.50100327,54.47964859,61.90745544,58.2266655,68.23113251,70.5762558,63.98563004,58.61579132
Sweden,84.48,82.15,82.57,83.13,82.69,82.29,82.36,82.52,82.5,82.51,82.49,84.48,84.22,84.02,84.03,83.96,84.26,84.71,84.78,85.12,86.18,85.92
Switzerland,28.56611252,29.96567726,31.36301231,31.40574074,30.88531685,31.04800797,30.60895157,30.71067238,31.60577965,32.14887238,33.86542892,34.56546402,35.45184326,33.81949997,33.95838928,33.47252274,33.5905304,33.84525299,34.19487,33.6607132,35.9096756,36.21349335
Syrian Arab Republic,35.53107834,41.41358566,45.3978157,47.92665863,47.69179916,50.34679031,46.96702957,47.33362961,46.14907074,44.86792755,44.79367065,45.19852448,45.28663635,,,,,,,,,
Tajikistan,20.75,19.13,18.19,16.36,18.65,18.98,18.6,19.45,23.17,18.52,20.58,22.28,26.88,29.09,31.17,29.61,28.57,29,27.05,27.32,26.31,24.23
Tanzania,21.83891106,25.71310616,28.40931129,27.92020607,34.27978897,36.55279922,31.32273102,28.19549561,40.63019562,29.327034,27.75649071,25.45134735,23.43128014,25.50709915,29.87491035,34.44834518,40.6240921,38.65077972,37.56450272,40.49311447,28.18704414,27.18029213
Thailand,55.18834305,55.01472473,62.26510239,63.07395935,64.11597443,63.71009064,71.95246124,75.60999298,75.36881256,73.12874603,73.77249908,76.42584229,76.07963562,75.95276642,75.68395233,71.35247803,72.38878632,72.03818512,70.86565399,71.65908051,70.36411285,70.36208344
Timor-Leste,,,,46.21335602,39.22528076,40.22555542,39.92942429,17.11161995,48.78695679,44.40433121,50.81827927,51.97423172,59.33763123,52.10203552,54.27038574,57.43532562,49.64109802,65.98954773,61.74252701,57.67988586,55.2783699,63.44329834
Togo,10.41338921,11.26460934,11.7554903,12.8251667,14.39345169,15.25018501,16.37993431,16.10749245,15.95815563,17.34420013,25.87260246,23.522995,25.14003754,20.06999588,20.35354614,19.02897072,14.88038445,16.14229012,16.74621964,15.077075,14.74263954,9.93372917
Tonga,79.31558228,71.43016815,72.21504974,70.52729797,54.48614502,59.5497551,52.09039307,67.18393707,47.8044548,77.46604919,59.33605957,71.82061005,52.65880966,69.84156799,57.72682953,61.81494522,61.9933815,59.85831451,66.63047791,60.92821121,57.38203812,57.72520828
Trinidad and Tobago,37.00175476,43.19249344,41.62577438,45.47566605,43.1184845,48.39988327,44.87060547,46.1815033,47.78621292,47.59867859,48.16002274,49.87123108,48.80482864,51.51268768,50.27154541,51.4764328,50.11699295,52.29129028,48.43599319,45.97862244,45.55643845,47.336586
Tunisia,52.6692276,52.18519592,51.7647171,51.411026,51.12685013,50.8209343,52.26226425,53.38171768,54.27530289,55.0338707,55.75389099,56.41347122,56.96455765,59.0912056,58.13360596,53.79585648,54.5089798,53.688797,52.09545135,59.20934677,61.13390732,59.19248962
Turkiye,61.68,67.25,69.97,71.21,71.7,67.75,68.85,68.78,72.69,80.5,78,79.13,79.17,78.35,77.61,78.13,78.44,77.71,77.38,77.69,78.85,78.8
Turkmenistan,46.64530563,34.58095551,34.62670135,31.81945801,22.89224815,21.14559174,18.36457825,26.2300148,16.02517891,24.25165367,24.05106735,25.97605133,26.72743416,28.53607368,26.96157074,23.94773293,18.57905197,21.32448578,17.59959984,17.7643261,17.73267555,16.03077126
Tuvalu,99.46151733,92.02070618,88.45393372,86.47171783,89.57794952,91.31600952,80.55776978,89.80606842,92.2229538,81.77039337,84.29417419,84.33125305,87.06687164,68.96740723,82.22226715,74.97462463,82.24718475,78.95488739,83.25008392,76.6006546,80.43388367,50.80684662
Uganda,24.96001053,26.72301674,30.73032188,34.26210022,29.08409882,17.78602409,15.17270851,16.8660984,17.20660019,14.28214169,16.11385536,13.56997776,15.1402874,16.84941292,17.81628418,15.15355301,15.6786232,15.97236347,16.77466774,15.11674786,21.85073853,22.53227997
Ukraine,47.32,48.91,51.25,55.75,55.2,58.72,60.43,59.2,58.07,58.25,54.1,50.23,52.57,48.12,48.04,47.39,48.27,47.27,46.56,44.79,49.29,51.02
United Arab Emirates,68.83045959,77.01039886,61.22885132,61.27508163,57.10731125,56.84106064,57.30421829,58.67370224,63.91038895,73.68283844,70.85415649,72.42097473,72.54479218,71.97173309,70.97638702,71.25105286,76.27639771,54.81138992,51.57845688,51.36901855,60.98609543,64.10680389
United Kingdom,77.07537842,78.35529327,80.16652679,78.90771484,80.62634277,81.67964172,81.75743866,81.92543793,81.57989502,81.22750092,81.08560181,81.08097839,80.85187531,80.65883636,80.74802399,80.79587555,81.2793808,80.77609253,80.07192993,80.01869202,83.70368958,83.69000244
United States,44.377491,45.32368088,45.20059967,44.97433853,45.42226028,45.47591019,46.30714035,46.33991623,47.4914856,48.50181961,48.84960175,48.93149185,48.82702637,49.496315,50.77487946,51.37872314,51.19651794,51.16881943,51.44694519,51.806633,57.00815201,55.40325165
Upper middle income,41.7114392325771,41.6652329938735,41.6722190474993,42.8925773003343,43.6791978518859,43.8715504097294,45.7997660791344,47.4222524193603,49.5502656458692,51.6797636027891,51.9044010456667,52.544193334196,53.44620809,54.8572656031929,56.0572122568999,57.447061836841,56.2977105641441,55.0578382498287,54.6780115739582,54.5335759604553,55.4538814132577,54.9678937777356
Uruguay,41.5463028,44.90390778,47.93470764,52.36624527,52.31037521,45.17630768,47.68718719,48.53245926,56.31472397,59.33254623,60.00210953,61.49155045,64.22066498,66.44005585,68.12014008,68.40409851,69.52642059,69.29585266,69.11999512,66.60055542,71.61659241,74.06433868
Uzbekistan,39.1,38.84,37.61,36.54,37.29,37.96,40.58,39.57,40.73,41.64,40.06,39.69,42.11,41.99,52.2,49.78,43.59,41.5,38.17,41.59,46.16,39.2
Vanuatu,74.67657471,74.27940369,67.19437408,70.99656677,65.66696167,64.75829315,64.60327911,71.54592133,72.46635437,61.5994072,55.02124023,65.60494995,58.43971634,51.12481308,16.11455154,48.57041931,45.30329132,53.24649429,64.51901245,57.45616531,64.38819122,27.56396484
"Venezuela, RB",,,,,,,,,,,,,,,,,,,51.53811264,37.1403389,37.28844833,33.52462387
Viet Nam,41.06440353,32.78746033,43.97586823,40.31432724,41.32279587,41.40763474,39.39339447,38.22848892,39.81760406,38.16083908,40.25131989,38.85466385,44.64095306,45.23662567,44.25667953,43.58078766,43.80716324,43.54589462,41.62820816,40.6199913,41.63695908,42.715065
World,57.4680322821477,57.450934262366,57.4346117066179,57.9200947097438,58.5220342366962,58.4374631688667,58.4186422885187,58.7913862894706,59.7724233853189,60.350062640056,60.291441354741,60.9122160683528,60.5613127547127,60.4431242330353,60.9089086576217,60.5170842779627,60.397816427944,60.1874551896109,60.3392747745646,60.3252491986351,63.5430136028476,62.8834163409411
"Yemen, Rep.",50.83430862,50.10915756,48.23685074,41.75507736,35.41623306,31.79182625,29.40259361,26.86841393,27.81732178,21.86180878,22.5256176,22.89780807,23.8901062,19.74684525,16.18166351,10.18244267,,,,,,
Zambia,35.31537628,39.85603333,32.23574066,24.24751854,23.9829216,19.63957977,23.82091522,32.48818207,35.48861694,32.33781815,39.2430191,39.74438477,38.12258911,28.63796806,49.45684052,47.19329453,38.35799026,52.50148773,43.77412415,33.44005203,56.98109055,42.51919937
Zimbabwe,,,,,,,,,,,26.28292847,26.22769737,28.89102173,28.38295746,33.5840416,20.81796074,21.18695641,25.11919403,34.13588333,14.2652998,22.09209633,32.74111557
