Country Name,Country Code,Indicator Code,2000,2001,2002,2003,2004,2005,2006,2007,2008,2009,2010,2011,2012,2013,2014,2015,2016,2017,2018,2019,2020,2021,2022,2023
闃块瞾宸?ABW,NY.GDP.PCAP.CD,,20740.13258,21307.24825,21949.486,23700.63199,24171.83713,24845.65848,26736.30894,28171.9094,25134.77123,24093.14015,25712.3843,25119.66554,25813.57673,26129.83906,27458.22533,27441.52966,28440.05196,30082.12764,31096.20507,22855.93232,27200.06108,30559.53353,33984.79062,
,AFE,NY.GDP.PCAP.CD,707.1203763,626.1691484,625.998815,809.9681394,981.7446305,1115.713956,1220.002468,1362.310651,1421.118612,1386.590206,1601.727748,1735.58514,1702.969258,1673.140476,1656.107642,1479.564123,1329.777824,1520.171298,1538.924188,1493.780445,1344.080962,1522.590088,1628.024526,1659.51529
闃垮瘜姹?AFG,NY.GDP.PCAP.CD,,138.7068217,178.9540884,198.8711157,221.7636539,254.1842491,274.2185536,376.223152,381.733238,452.0537055,560.6215055,606.6946763,651.4171345,637.0870991,625.0549418,565.5697304,522.0822156,525.4697709,491.3372214,496.6025043,510.7870634,356.4962141,357.2611528,415.7074171,
,AFW,NY.GDP.PCAP.CD,516.9323163,530.6531673,616.7960331,694.5009386,834.8612909,989.6997388,1222.550498,1393.748487,1652.18985,1439.047803,1647.149847,1824.722827,1920.119912,2113.316986,2204.9957,1845.767804,1616.843198,1560.162999,1703.896392,1783.654365,1664.249176,1747.840549,1777.235012,1568.72431
瀹夊摜鎷?AGO,NY.GDP.PCAP.CD,,533.5862024,882.1478472,992.6989793,1266.210864,1916.468422,2617.05196,3141.04598,4103.0669,3136.64547,3597.342932,4615.910598,5086.027401,5057.747878,5005.999741,3213.902611,1807.952941,2437.259712,2538.591391,2189.855714,1449.922867,1925.874661,2929.694455,2308.159767,
闃垮皵宸村凹浜?ALB,NY.GDP.PCAP.CD,,1281.659826,1425.124219,1846.120121,2373.581292,2673.787816,2972.743621,3595.038295,4370.539716,4114.134033,4094.349686,4437.141161,4247.631343,4413.063383,4578.633208,3952.803574,4124.05539,4531.032207,5365.489347,5460.428237,5370.778623,6413.283286,6846.426143,8575.171134,
瀹夐亾灏斿叡鍜屽浗,AND,NY.GDP.PCAP.CD,21810.24874,23511.29515,26528.13016,34063.5784,39021.12781,40829.80188,43467.21099,48336.22833,49132.51571,43975.01837,42746.83095,46657.15612,41500.54358,42470.31612,44369.65969,38654.93472,40129.8192,40672.99433,42819.77458,41257.80458,37361.09007,42425.69968,42414.05901,46812.44845
闃挎媺浼仈鐩熷浗瀹?ARB,NY.GDP.PCAP.CD,,2536.711965,2483.107234,2696.672305,3133.736877,3750.508554,4355.087622,4940.702265,6091.932064,5134.450061,5928.30479,6883.374024,7336.197708,7311.296755,7259.936729,6203.702636,5957.059837,6005.390129,6576.516631,6525.211843,5648.341118,6445.807261,7658.40647,7292.210408,
闃挎媺浼仈鍚堥厠闀垮浗,ARE,NY.GDP.PCAP.CD,29865.50235,27745.17081,27753.60895,29659.54286,33376.71523,38719.31383,44342.60483,45854.73252,50054.17007,37803.06637,43696.67126,50789.05054,52034.47625,52023.5171,51381.40699,43534.99727,41326.40182,42340.59171,45689.857,44251.45414,37173.87541,43360.0211,49899.0653,49040.69475
闃挎牴寤?ARG,NY.GDP.PCAP.CD,,7141.475077,2569.699635,3320.477751,4242.020991,5067.653423,5869.38029,7185.251551,8944.110266,8150.23527,10260.13131,12704.28318,12949.71749,12963.67577,12233.14441,13679.6265,12699.96231,14532.50093,11752.79989,9955.974787,8535.59938,10738.01792,13935.68111,14187.48273,
浜氱編灏间簹,ARM,NY.GDP.PCAP.CD,593.4505817,659.5889885,742.6511183,882.0301677,1130.087914,1557.484589,2041.652671,2962.702346,3777.668593,2820.592655,3041.344507,3349.553098,3511.563997,3680.166922,3852.118006,3512.393503,3524.424769,3869.053739,4196.005623,4597.228874,4268.680933,4685.179971,6571.974455,8053.010663
缇庡睘钀ㄦ懇浜?ASM,NY.GDP.PCAP.CD,,,8972.696365,9197.661968,8958.428667,8831.26976,8745.166211,9231.372409,10030.80891,12156.02939,10375.17201,10383.45933,11745.48992,11813.5022,12026.33449,12727.41027,12843.33429,11863.68395,12552.05469,12886.13595,14489.25866,15236.16049,18017.45894,,
瀹夋彁鐡滃拰宸村竷杈?ATG,NY.GDP.PCAP.CD,,11535.77429,11657.34875,12171.37738,13036.00759,14366.29128,16172.25135,18203.51513,18785.46822,16471.36783,15216.30984,14841.97096,15208.65697,15050.71228,15533.48313,16080.65805,16557.84317,16924.78945,18273.42707,18884.37297,15360.45442,17340.37907,20117.76533,21787.10173,
婢冲ぇ鍒╀簹,AUS,NY.GDP.PCAP.CD,21870.41597,19695.72974,20301.84317,23718.13385,30836.73068,34479.76793,36595.70715,41051.61207,49701.28178,42816.5674,52144.66547,62605.60046,68072.87323,68190.701,62544.08738,56739.02653,49888.04108,53901.71454,57196.42208,54972.70179,51791.54018,60607.77886,64997.01365,64820.91179
濂ュ湴鍒?AUT,NY.GDP.PCAP.CD,939.9148147,24430.49598,26334.86222,32110.11597,36614.25065,38157.37023,40382.20783,46622.96229,51581.39824,47857.44466,46611.13934,51116.89535,48250.40591,50305.35458,51314.97226,43915.22802,45061.49939,47163.74258,51194.07498,49885.99474,48716.40989,53648.71907,52176.66491,56033.57379,
闃垮鎷滅枂,AZE,NY.GDP.PCAP.CD,655.0972496,703.6709986,763.1088955,883.6925807,1045.013633,1578.36733,2472.957257,3851.330152,5574.468104,4950.39949,5843.533768,7189.818692,7495.865277,7875.345367,7890.840281,5500.503646,3880.685228,4147.198142,4739.794312,4805.753718,4229.910649,5408.045352,7770.594223,7125.908584
甯冮殕杩?BDI,NY.GDP.PCAP.CD,70.90509996,132.1595545,120.9523086,111.4066828,125.1949652,147.2346193,161.8927556,166.1627449,189.5020746,199.097633,216.7277053,230.0705774,231.6884964,234.8430454,250.5404811,280.9668313,235.2862054,236.6944726,224.8993924,210.2364945,210.0081399,214.0914554,250.6342254,193.0071456,
姣斿埄鏃?BEL,NY.GDP.PCAP.CD,1290.286072,23015.07126,25006.1914,30655.20927,35429.40779,36809.70134,38705.1068,44319.16545,48303.39796,44923.34001,44197.39367,47760.82988,44874.17092,46964.59468,47995.7787,40893.80454,41854.54983,44035.32394,47487.21004,46716.62275,45906.28758,51655.78833,50807.20471,54700.90932,
璐濆畞,BEN,NY.GDP.PCAP.CD,487.4241414,492.4014995,546.4638297,676.0028781,758.6958038,779.4377778,809.1470725,912.3382472,1060.602545,1024.102779,973.2442545,1059.413589,1071.525836,1168.926993,1204.399187,1002.418869,1010.533896,1054.974081,1151.74097,1130.821353,1197.501364,1318.834978,1264.70766,1394.373302
甯冨熀绾虫硶绱?BFA,NY.GDP.PCAP.CD,69.15024561,259.4852234,285.6540876,362.3739,403.8128374,441.164148,455.5136556,514.6844512,619.4375333,601.5695207,624.9572522,725.0247677,731.4701389,759.7620652,764.8616751,630.1247508,663.7423648,709.0915359,777.4656185,764.8530778,825.2370388,895.5352884,836.1183046,882.6898101,
瀛熷姞鎷夊浗,BGD,NY.GDP.PCAP.CD,396.6707302,394.65641,393.8864223,426.7488075,455.6140169,480.0858508,490.3880265,537.9554928,613.062041,679.2114774,757.3852804,837.3369447,859.6805364,958.2629898,1094.461997,1224.386477,1649.283809,1811.082217,1965.243727,2129.79897,2248.850788,2482.849178,2716.485927,2551.017727
淇濆姞鍒╀簹,BGR,NY.GDP.PCAP.CD,1621.262107,1770.907049,2092.982886,2719.494369,3389.687434,3899.825963,4523.146558,5888.776852,7271.303389,6988.273163,6863.667068,7857.16707,7430.73738,7687.713682,7912.274844,7078.860323,7570.931655,8381.881346,9436.144799,9838.60059,10198.53883,12274.0776,13644.20158,15885.53913
宸存灄,BHR,NY.GDP.PCAP.CD,14214.48368,13573.23399,13501.47088,14486.0269,15963.94932,17966.16578,19267.28262,20908.40425,23299.49928,19465.31407,21819.32911,25032.78677,26438.67332,26989.76011,26451.79656,23734.05511,23800.00144,24784.76935,26324.40665,27259.74386,24342.84446,27147.80839,30616.26107,29218.86056
宸村搱椹?BHS,NY.GDP.PCAP.CD,1459.253539,25371.92377,26781.61959,26429.12478,26650.29342,28602.41819,29184.78651,30051.84896,29392.38244,27512.9131,27473.10043,27090.83768,28552.02427,27432.95343,28705.61708,30289.40225,30266.58592,31337.18325,32124.40511,32979.54013,25155.67254,28682.327,33044.38821,35896.50511,
娉㈡柉灏间簹鍜岄粦濉炲摜缁撮偅,BIH,NY.GDP.PCAP.CD,1338.480596,1387.893651,1606.546722,2033.947009,2452.686168,2739.610769,3166.128653,3931.489487,4841.693119,4539.918638,4506.478285,4982.693758,4693.788991,5034.56616,5206.065583,4662.258837,4928.566525,5345.019855,6047.845843,6122.375345,6130.311332,7295.343824,7655.59421,8638.666202
鐧戒縿缃楁柉,BLR,NY.GDP.PCAP.CD,1276.280381,1244.373185,1479.380663,1819.526531,2378.337005,3126.071767,3848.223503,4735.481076,6376.175692,5352.488092,6034.678852,6527.659343,6953.215917,7998.080205,8341.290143,5967.06856,5039.775609,5785.533977,6360.053101,6837.768321,6542.86454,7489.718947,7994.648061,7829.053137
浼埄鍏?BLZ,NY.GDP.PCAP.CD,307.4145083,4721.816257,4861.743142,4962.08962,5156.098171,5272.744172,5527.167759,5765.281999,5713.281268,5401.229631,5451.138972,5582.221706,5709.689188,5950.202999,6128.142885,6154.495935,6142.498732,6072.582676,6031.281396,6190.047923,5227.193638,6122.611586,7068.454783,7459.998151,
鐧炬厱澶?BMU,NY.GDP.PCAP.CD,1715.314632,59490.2452,63358.56587,67106.80281,71692.1589,77628.10352,97781.4559,107395.6515,110268.5624,104711.7124,104111.8242,99049.01699,100213.4934,101704.4075,100961.5766,104855.3668,108747.3561,112339.4256,113204.8221,115798.0408,106973.1757,112712.0251,120897.3112,125841.6025,
鐜诲埄缁翠簹,BOL,NY.GDP.PCAP.CD,975.7770604,930.1682272,888.221329,893.0137602,953.1918932,1020.123262,1202.711504,1354.549059,1692.672485,1731.181721,1929.783731,2315.521219,2575.598571,2870.02377,3041.435031,2996.012898,3035.873478,3306.303012,3500.726422,3503.896011,3099.94219,3384.844865,3643.92827,3686.279965
宸磋タ,BRA,NY.GDP.PCAP.CD,3766.548115,3176.289357,2855.940189,3090.60701,3663.823188,4827.781731,5934.144711,7409.691307,8908.331766,8678.659225,11403.28213,13396.62436,12521.72135,12458.89121,12274.99397,8936.196618,8836.286526,10080.50928,9300.661649,9029.833267,7074.193783,7972.53665,9281.333344,10294.86668
宸村反澶氭柉,BRB,NY.GDP.PCAP.CD,11674.67365,11639.51605,11760.45247,12075.9587,12886.36653,14214.42022,15619.6006,17235.43964,17565.693,16294.90995,18860.38337,19345.99531,19034.0708,19308.00911,19277.94236,18954.29137,19065.80698,19692.76067,20055.91587,20583.72658,18347.11091,18696.7859,22164.02603,23804.02499
鏂囪幈杈鹃瞾钀ㄥ叞鍥?BRN,NY.GDP.PCAP.CD,,18287.82717,18621.29227,20677.90012,24423.09477,29386.27036,34674.7996,36217.3291,42156.56852,30946.46743,34937.55552,46382.82745,46968.59711,44003.06443,41026.50839,30625.12873,26663.29732,28024.38246,30988.11905,30426.57303,26834.35925,31006.96362,36632.92804,32962.90651,
涓嶄腹,BTN,NY.GDP.PCAP.CD,771.9249114,812.2382108,895.7994899,1022.382403,1130.359346,1299.949386,1405.607162,1850.415704,1919.597749,1918.395992,2435.579807,2787.979677,2751.212887,2679.952172,2849.499987,2954.04082,3152.309051,3435.288048,3400.204172,3576.879871,3191.66907,3570.612579,3711.327679,
鍗氳尐鐡︾撼,BWA,NY.GDP.PCAP.CD,3450.811806,3206.071237,3117.250872,4230.123269,4956.692877,5391.070766,5291.583791,5529.125746,5503.073953,5082.933883,6215.732161,7287.382953,6595.53845,6666.912196,7122.364234,6141.203947,6749.059943,7104.964011,7407.959401,7172.089565,6323.314192,7808.20624,8329.040322,7820.232404
涓潪鍏卞拰鍥?CAF,NY.GDP.PCAP.CD,65.88296298,237.9517025,248.639291,278.4039922,303.4613212,311.9500231,333.9425199,380.8870488,437.2482747,456.4716739,476.873787,534.0572815,544.3958491,364.3669626,409.850486,366.3228539,387.1762034,432.3240257,455.2439629,449.2284676,462.8790713,492.2631428,467.359825,495.9788972,
鍔犳嬁澶?CAN,NY.GDP.PCAP.CD,2264.948497,23822.09621,24256.01923,28301.86459,32145.54126,36383.66001,40504.0371,44660.08389,46710.25269,40874.88319,47560.6666,52223.85884,52670.34473,52638.11872,50960.84312,43594.1941,42314.06158,45129.62812,46539.17616,46352.86934,43537.8393,52496.84417,55509.39318,53431.18571,
涓瓙鍜屾尝缇呯殑娴?CEB,NY.GDP.PCAP.CD,,4360.497477,4941.084945,5949.73678,7181.262146,8353.572001,9467.802376,11997.96322,14574.67278,12304.59125,12639.15404,14000.17927,13107.50012,13697.2993,14183.71548,12568.29651,12836.56663,14294.44702,16181.60737,16475.16148,16450.87751,19144.06855,19502.81693,22637.79501,
鐟炲＋,CHE,NY.GDP.PCAP.CD,38865.02194,39638.79111,42458.73847,49335.74563,54659.45715,56242.89336,59011.03246,64989.15533,74175.19279,71568.31239,76531.37294,90476.75897,85836.20768,87304.33058,88724.99094,83806.4476,82153.07454,82254.37693,85217.36915,84121.93103,85897.78433,93446.43445,93245.79521,99564.71003
娴峰场缇ゅ矝,CHI,NY.GDP.PCAP.CD,43479.19408,41873.74061,44459.73182,48570.77966,56259.53442,57647.11889,62745.10066,74139.97799,,57778.54029,56121.63866,60419.23251,58813.93665,59304.85125,64700.74257,61852.07365,55950.14854,55806.57091,60783.35331,60568.10853,56785.94024,66912.17501,67627.30823,74589.13802
鏅哄埄,CHL,NY.GDP.PCAP.CD,5052.992458,4563.595299,4430.847412,4773.401775,6120.591521,7480.32331,9318.656553,10346.41382,10683.21888,10098.80172,12632.87047,14487.39278,15241.907,15683.54864,14529.67672,13433.9203,13649.85205,14879.90862,15659.48087,14495.71672,13114.81547,16216.57065,15451.13196,17067.81362
涓浗,CHN,NY.GDP.PCAP.CD,959.3604314,1053.112314,1148.514257,1288.637491,1508.667916,1753.414192,2099.21943,2693.958732,3468.327063,3832.227457,4550.473944,5614.386022,6300.58218,7020.386074,7636.07434,8016.445595,8094.390167,8817.045608,9905.406383,10143.86022,10408.71955,12617.5051,12662.58267,12614.06174
绉戠壒杩摝,CIV,NY.GDP.PCAP.CD,936.6365413,924.727295,967.8158644,1111.171351,1199.825245,1197.74617,1230.430568,1367.538177,1583.970667,1540.453936,1553.54887,1596.628266,1546.946018,1786.15862,1991.365394,1814.718551,1862.595971,1964.299303,2130.866194,2141.768362,2179.729348,2455.981276,2308.706547,2530.846593
鍠€楹﹂殕,CMR,NY.GDP.PCAP.CD,708.5657316,715.4702965,789.6238111,988.2412768,1133.393267,1142.624663,1191.45459,1325.672482,1492.142698,1461.389992,1398.58702,1513.96057,1449.098744,1575.928821,1649.443391,1415.000097,1441.720173,1496.089518,1610.696416,1555.226605,1555.603707,1672.326573,1604.87727,1736.860911
鍒氭灉锛堥噾锛?COD,NY.GDP.PCAP.CD,220.0745502,142.6781426,162.3805291,161.4915535,180.664765,203.5616689,238.4176394,267.8885088,307.3196386,280.7980515,314.5385863,364.7141918,400.0599018,431.1915282,458.0045418,467.9145805,442.3104721,436.5845347,528.2560198,557.0441613,507.5212301,558.0340773,642.6122658,627.5021817,
鍒氭灉锛堝竷锛?COG,NY.GDP.PCAP.CD,124.6596704,854.5983144,905.5381355,1016.823634,1306.101363,1799.051584,2103.582138,2206.471019,2832.091778,2271.152192,2946.557981,3396.165058,3732.327373,3697.417059,3601.236581,2439.351894,2093.107286,2211.633099,2694.434132,2488.424667,1993.586672,2516.162551,2620.838043,2477.978455,
鍝ヤ鸡姣斾簹,COL,NY.GDP.PCAP.CD,2555.00751,2472.99084,2428.929698,2311.942188,2818.571954,3456.066109,3789.853612,4769.926147,5541.836297,5250.972924,6398.295845,7400.99407,8108.598382,8279.102556,8187.208249,6248.514905,5959.842504,6479.532313,6816.968183,6472.545449,5339.687114,6222.621644,6674.596019,6947.359287
绉戞懇缃?COM,NY.GDP.PCAP.CD,,691.6999088,762.1169303,959.7878945,1091.272164,1103.206585,1154.904223,1289.736311,1455.027686,1410.30517,1386.574243,1531.437894,1490.315114,1603.327971,1615.717237,1329.370482,1365.484034,1423.924803,1540.711323,1519.263864,1527.16991,1584.124502,1489.495663,1590.312377,
浣涘緱瑙?CPV,NY.GDP.PCAP.CD,,1223.330553,1328.578743,1717.975654,1929.490815,2004.146804,2256.996662,3324.576752,3908.648858,3659.720464,3579.460061,4002.013869,3736.81517,3960.975968,3985.607065,3415.062667,3608.966066,3893.095723,4294.965105,4380.781192,3539.22662,3971.444074,4323.313627,4850.984158,
鍝ユ柉杈鹃粠鍔?CRI,NY.GDP.PCAP.CD,382.3091218,3985.129845,4067.718514,4173.148564,4431.011721,4703.007218,5256.596409,6137.711999,6937.242616,6832.698299,8265.788203,9276.391075,10126.9991,10803.2402,10911.49788,11714.7106,12091.03016,12317.09028,12590.24938,12884.686,12394.0494,12838.11854,13625.90085,16942.02681,
鍔犲嫆姣斿皬鍥?CSS,NY.GDP.PCAP.CD,374.1942848,6628.936948,6957.15483,7098.968544,7417.591195,8063.660513,9344.431642,10042.3691,10440.09329,10122.42306,10638.16939,10801.13891,11305.60619,11336.21604,11603.94055,11835.28722,11358.70308,11775.3905,12047.85281,12356.32164,10270.79047,11920.34276,15564.55762,16906.56721,
鍙ゅ反,CUB,NY.GDP.PCAP.CD,2751.381771,2842.967043,3005.211042,3202.781099,3399.219629,3786.337992,4329.98266,4807.43889,4986.124365,5089.235198,5272.267558,6104.461052,6470.836734,6828.364282,7146.704591,7727.919972,8110.55874,8610.608295,8911.46206,9232.261159,9605.261251,,,
搴撴媺绱?CUW,NY.GDP.PCAP.CD,,16609.84545,16723.69253,16695.73511,16671.34034,17032.33566,17400.16378,18005.71659,19423.33524,19540.24766,19847.23101,19426.32638,19809.82232,19721.29216,19623.02999,19361.813,18944.09615,18938.24405,19119.12439,19220.6867,16356.09336,17980.08884,20501.75228,22192.4453,
寮€鏇肩兢宀?CYM,NY.GDP.PCAP.CD,,,,,,,87085.09374,89888.26182,89655.11962,81373.57115,76837.66996,75280.96076,75101.59136,75113.73324,75845.30604,76379.20951,77802.25416,80053.94445,83865.55316,88254.29037,82338.79829,86438.44526,92202.1478,97749.5079,
濉炴郸璺柉,CYP,NY.GDP.PCAP.CD,14388.35254,14821.44922,16093.21582,20252.24609,23792.61914,24959.26172,26729.28125,31244.87891,35397.29688,32236.44922,31105.02734,32485.79688,28991.93555,27797.45703,27244.35156,23487.22852,24715.1543,26696.99023,29599.98633,29703.05273,28649.01563,33734.29297,33938.94531,36551.41797
鎹峰厠鍏卞拰鍥?CZE,NY.GDP.PCAP.CD,,6669.074948,8101.260186,9852.456779,11782.55467,13442.49163,15259.07882,18452.65328,22774.70451,19817.42158,20160.43551,22049.10808,20014.0354,20260.4955,20038.41632,17931.59877,18753.96867,20913.19763,23705.93298,24062.719,23472.89155,27696.46195,28282.22367,31591.17707,
寰峰浗,DEU,NY.GDP.PCAP.CD,23925.85599,23878.36415,25486.5942,30711.10225,34566.73591,35084.43635,36980.33499,42350.92172,46386.32959,42487.21371,42409.9357,47646.58204,44735.58823,47220.01021,48971.08247,41911.01099,42961.03569,45526.59996,48874.8595,47623.86561,47379.76519,52265.65416,49686.11546,54343.22651
鍚夊竷鎻?DJI,NY.GDP.PCAP.CD,,742.1337911,743.0132704,764.6344652,806.2616529,844.4483574,898.4646281,969.5732202,1119.152333,1150.937586,1213.233526,1306.345528,1400.193579,2074.296689,2208.678103,2376.125547,2510.430008,2618.955211,2718.085323,2837.171033,2881.999245,3019.693439,3231.300153,3554.839189,
澶氱背灏煎厠,DMA,NY.GDP.PCAP.CD,4867.398963,4981.895849,4873.6422,5009.573932,5348.949001,5299.495964,5671.770657,6120.442054,6654.499214,7102.02826,7171.552389,7255.672106,7031.399871,7147.619541,7395.302597,7679.832936,8278.447686,7614.34028,8137.565206,9009.090115,7461.779332,8262.650913,9085.674128,9832.996431
涓归害,DNK,NY.GDP.PCAP.CD,30722.02518,30768.47755,33257.16226,40519.09749,46625.0501,48925.80767,52119.1788,58631.65664,64616.66576,58412.74724,58104.54456,61809.7379,58443.77471,61377.59406,62520.45097,53094.01336,54500.92604,57521.5515,61324.7665,59404.26632,60985.48856,69727.98737,68091.31911,68453.87693
澶氱背灏煎姞鍏卞拰鍥?DOM,NY.GDP.PCAP.CD,205.7315099,2935.893673,3065.603295,2383.261718,2451.691616,3878.312067,4055.142703,4649.645589,5026.840911,4977.798844,5484.646379,5834.705907,6025.725827,6149.027489,6512.507714,6819.932252,7174.823496,7499.692862,7934.981412,8164.220809,7162.291752,8472.47982,10109.5234,10717.62767,
闃垮皵鍙婂埄浜?DZA,NY.GDP.PCAP.CD,238.3924767,1896.300209,1937.464114,2283.772993,2816.99385,3233.133396,3660.661047,4167.451699,5180.918815,4235.429905,4912.785855,5916.313644,6033.648847,5979.60139,6094.693923,4685.059027,4424.98529,4554.66754,4577.210292,4468.453419,3743.541952,4160.559267,4961.552577,5364.02795,
涓滀簹涓庡お骞虫磱鍦板尯锛堜笉鍖呮嫭楂樻敹鍏ワ級,EAP,NY.GDP.PCAP.CD,954.4651712,1006.001553,1103.590673,1238.620986,1424.599711,1637.024099,1956.033454,2453.504419,3080.236227,3314.60145,4004.410055,4853.385352,5364.230699,5867.354666,6276.042179,6482.993156,6575.525088,7133.000059,7925.424765,8153.621406,8245.715216,9795.319389,9901.264099,9900.613565
鏃╀汉鍙ｇ磪鍒?EAR,NY.GDP.PCAP.CD,156.2669556,1310.876994,1251.00893,1368.161337,1562.5943,1787.409549,2010.14276,2341.1199,2592.625295,2455.417372,2936.705309,3259.608089,3356.981832,3357.744756,3424.550259,3211.780127,3262.320018,3496.771648,3503.213201,3527.543272,3240.951502,3732.868491,4076.367491,4256.784144,
涓滀簹涓庡お骞虫磱鍦板尯,EAS,NY.GDP.PCAP.CD,4086.518124,3765.764966,3793.345415,4138.943938,4606.368383,4878.311076,5131.872991,5691.537335,6514.168316,6654.358927,7712.665045,8875.655491,9416.215899,9446.409165,9672.058568,9562.106164,9832.130363,10428.63218,11285.89723,11458.79584,11464.10129,13117.39899,12889.9062,12908.63771
娆ф床涓庝腑浜氬湴鍖猴紙涓嶅寘鎷珮鏀跺叆锛?ECA,NY.GDP.PCAP.CD,,1526.97979,1768.778037,2245.297839,2876.768379,3566.868996,4129.79367,5187.17828,6167.503829,5103.744341,5994.384834,6762.379471,7072.258247,7646.123413,7272.884448,6282.673041,5977.234888,6111.817064,5952.352265,6020.750795,5733.538812,6623.50479,7247.734917,8548.010378,
娆ф床涓庝腑浜氬湴鍖?ECS,NY.GDP.PCAP.CD,638.4677112,11749.49714,12843.69967,15577.40775,18105.81526,19219.88628,20756.97262,24183.35542,26512.67649,23249.13119,23699.49514,26241.04351,25165.12693,26175.77032,26425.75248,22657.30949,22476.26688,23755.7381,25340.15366,24958.38598,24091.34169,27591.24375,27731.76954,29789.15403,
鍘勭摐澶氬皵,ECU,NY.GDP.PCAP.CD,1382.234218,1791.303597,2059.158554,2315.622152,2586.209147,2909.02606,3243.670104,3478.924888,4194.757507,4053.363311,4520.30959,5153.691642,5634.083932,6109.290315,6405.799793,5976.159681,5917.637713,6233.322448,6303.918925,6205.057595,5463.645096,6075.802657,6540.998245,6609.804082
闃挎媺浼焹鍙婂叡鍜屽浗,EGY,NY.GDP.PCAP.CD,1366.092744,1295.137418,1116.828846,1031.275563,991.2556891,1104.803407,1298.979002,1547.741707,1896.215943,2161.639646,2455.081946,2590.643849,2996.067707,3025.525636,3133.391023,3306.981594,3270.628777,2395.103333,2484.703156,2962.98892,3511.11381,3827.354154,4233.307837,3457.456916
娆ф床璐у竵鑱旂洘,EMU,NY.GDP.PCAP.CD,20039.40027,20289.82937,22049.34824,27017.62091,30816.54015,31800.44303,33671.9314,38580.6162,42222.57824,38519.97018,37555.17227,40651.69334,37558.51846,39109.1766,39926.34434,34415.61535,35178.85027,37181.1343,40068.52155,39217.384,38241.57565,42978.88179,41454.16602,45130.12405
鍘勭珛鐗归噷浜?ERI,NY.GDP.PCAP.CD,,325.4091615,304.7757565,348.9503271,426.8409479,412.7530792,447.9974047,480.4476237,490.066956,642.9257229,539.6995121,688.6816596,,,,,,,,,,,,,
瑗跨彮鐗?ESP,NY.GDP.PCAP.CD,407.9630279,15368.2338,17111.06851,21522.0171,24925.02678,26450.95301,28421.68653,32652.01559,35603.24833,32279.82085,30658.74223,31824.62191,28456.44382,29218.91052,29694.88749,25969.83831,26740.68518,28367.93926,30592.12648,29776.20115,27230.35999,30817.68286,30287.36576,33509.0128,
鐖辨矙灏间簹,EST,NY.GDP.PCAP.CD,4070.609024,4502.66615,5343.183108,7205.407033,8916.072827,10414.63812,12641.4801,16745.4308,18205.90641,14712.44942,14663.7041,17555.54552,17568.2138,19310.38749,20581.7899,17722.15577,18666.37365,20851.52235,23618.13613,24021.25014,23933.99394,27953.76702,28451.14778,30133.30445
鍩冨淇勬瘮浜?ETH,NY.GDP.PCAP.CD,75.33960907,118.4572043,109.5938136,116.8004911,133.1698125,158.2434581,189.3457375,237.146256,316.4104751,368.5747123,330.6194128,343.0249424,452.1010319,484.0398331,549.9865771,621.8456738,696.1958847,745.6324492,747.9681436,828.7089723,905.3131758,910.9478403,1011.073286,1272.016282,
娆ф床鑱旂洘,EUU,NY.GDP.PCAP.CD,16975.91504,17230.65037,18799.09543,23025.75561,26377.60338,27444.18123,29217.95385,33729.27359,37203.13725,33670.62667,33164.00485,36020.48635,33378.82742,34803.34614,35539.2021,30716.62957,31404.4306,33327.66749,36002.56405,35341.57033,34635.48959,39180.37584,37948.95054,41422.79997
鑴嗗急鍜屽彈琛濈獊褰遍熆鐨勬儏娉佷笅,FCS,NY.GDP.PCAP.CD,751.402387,718.6829537,684.3644992,702.9705229,870.4271346,1074.749889,1314.212802,1573.221083,1963.209854,1735.216052,2009.659004,2047.73072,2235.799786,2267.604041,2351.212735,1810.689302,1632.337453,1702.908452,1819.003021,1890.22007,1680.968847,1753.547754,1892.622706,1830.332718
鑺叞,FIN,NY.GDP.PCAP.CD,24335.92251,24965.203,26989.38926,32920.08572,37768.13342,39049.87038,41214.01878,48473.02401,53769.47262,47478.34953,46506.2919,51060.32426,47551.67408,49691.01452,50073.77608,42560.34568,43451.25624,46085.01747,49654.2497,48358.18078,48828.68469,53099.13514,50438.4754,52925.68976
鏂愭祹,FJI,NY.GDP.PCAP.CD,1995.720712,1944.997415,2136.567941,2655.580796,3097.190967,3377.69127,3455.105999,3762.746928,3899.922315,3164.132754,3449.144529,4139.602886,4341.403387,4572.443775,5293.356791,5097.531088,5363.790256,5826.848141,6085.419792,5950.828686,4844.42129,4696.171019,5405.030074,5888.736686
娉曞浗,FRA,NY.GDP.PCAP.CD,22340.59395,22331.79483,24144.5727,29479.52221,33644.92822,34696.37183,36431.56589,41486.19078,45464.81814,41728.08842,40694.82117,43929.78409,40863.58144,42669.17951,43148.04593,36702.43237,37024.21571,38687.16264,41418.17665,40408.28486,39169.8606,43725.09995,41082.81193,44690.93454
娉曠綏缇ゅ矝,FRO,NY.GDP.PCAP.CD,23322.75934,24879.77296,26937.65056,31269.6032,35647.54404,36389.08164,41743.68128,48348.73937,51287.89111,47059.19473,47923.15154,51618.99078,50261.96163,55758.20837,60172.06325,52635.03755,56875.28038,59384.98621,62524.03874,63064.63431,62236.08666,68736.50561,66108.73365,71717.70422
瀵嗗厠缃楀凹瑗夸簹鑱旈偊,FSM,NY.GDP.PCAP.CD,2081.966013,2144.537,2156.705322,2185.80309,2146.401608,2246.453703,2289.751556,2336.978522,2415.59356,2596.261474,2761.243258,2890.50493,3033.169895,2933.883334,2945.41496,2911.16211,2979.601192,3279.10779,3566.586904,3572.659183,3353.88943,3493.872286,3835.381843,4084.169404
鍔犺摤,GAB,NY.GDP.PCAP.CD,3982.906201,3835.757183,3966.480019,4710.748628,5465.791936,6547.87614,6847.009857,8003.542897,9688.645197,7290.575261,8356.74662,10219.11393,9296.965879,9197.701063,9201.362766,7047.126546,6677.070039,6921.733731,7624.277523,7441.178647,6605.803461,8181.409141,8409.207415,7802.836596
鑻卞浗,GBR,NY.GDP.PCAP.CD,28280.92679,27906.5695,30077.74143,34442.68754,40366.88867,42104.78844,44512.45903,50397.6855,47396.12021,38744.13169,39598.95712,42109.64188,42497.3405,43426.29814,47439.61659,44964.39114,40985.23514,40572.12148,43203.81411,42662.53537,40201.68124,46896.86624,45935.92765,49463.85546
鏍奸瞾鍚変簹,GEO,NY.GDP.PCAP.CD,749.908535,801.9838371,853.5261719,1010.031516,1305.047486,1642.783594,1996.020133,2635.366503,3324.753721,2822.689397,3281.729309,4119.668183,4530.695334,4712.002294,4830.334862,4086.622347,4143.401257,4418.752065,4804.054604,4741.283272,4300.857013,5083.606955,6729.846599,8283.669602
鍔犵撼,GHA,NY.GDP.PCAP.CD,253.7469362,263.5421565,297.4616447,358.3992714,406.1321053,478.6119092,906.4410276,1050.124615,1182.657613,1047.704301,1263.892518,1507.435732,1543.775242,2294.025645,1953.645136,1721.699644,1913.186733,2012.970258,2196.612906,2186.189241,2196.547893,2445.500818,2240.279451,2260.287413
鍑犲唴浜?GIN,NY.GDP.PCAP.CD,,483.0851202,495.9160736,566.4854059,584.8977405,463.1776869,446.9805541,650.1485753,703.5328258,662.1859147,659.2353262,636.6949587,699.3533772,748.4550208,765.1469994,747.3569668,711.9965098,833.5986217,933.2736156,1031.341465,1053.660977,1244.965505,1416.59612,1541.040509,
鍐堟瘮浜?GMB,NY.GDP.PCAP.CD,,459.8030684,376.531027,308.7191234,593.2853463,616.4836579,614.5443079,724.7264072,859.1276714,774.8880309,801.0333727,710.6084115,692.5793616,653.8627133,568.0045356,619.5363643,650.0565013,642.5226413,696.219807,738.186752,720.3351434,781.8909252,836.2448759,888.1574077,
鍑犲唴浜氭瘮缁嶅叡鍜屽浗,GNB,NY.GDP.PCAP.CD,316.945495,327.138432,362.0345746,419.7848661,431.3765577,463.0739627,448.5130755,519.0697898,640.2103311,583.1900201,600.1942985,719.5395735,635.4616533,654.3045344,652.022501,645.0668372,679.6653866,783.1231866,808.5316132,807.359904,817.7803357,900.4077808,853.281304,951.2427483
璧ら亾鍑犲唴浜?GNQ,NY.GDP.PCAP.CD,,1948.611459,2264.210656,2930.601837,4901.301274,8673.902609,10184.88412,12616.95329,18210.5553,13232.50194,13720.16587,17198.21367,17308.57239,16304.07132,15548.66247,9068.910032,7453.197979,7809.104657,8102.470848,6804.149231,5764.055029,6945.630698,7589.299649,6677.793435,
甯岃厞,GRC,NY.GDP.PCAP.CD,11638.20107,12156.95728,13782.19564,18020.61204,21449.25528,22054.13158,24416.0233,28440.76253,31695.83311,29425.45732,26653.0488,25504.78665,21624.34605,21573.34498,21474.72571,17980.72982,17919.24264,18631.99301,19873.40152,19335.3602,17886.73317,20654.7002,20971.83493,23400.72788
鏍兼灄绾宠揪,GRD,NY.GDP.PCAP.CD,4839.828111,4819.507767,4984.474059,5427.963773,5480.261176,6338.560114,6344.038377,6864.548168,7448.204056,6932.564722,6909.601696,6947.381361,7092.719854,7424.802123,7986.334212,8694.12438,9221.234611,9751.426612,10083.02128,10462.79292,8968.558901,9622.240505,10474.26529,11246.34512
鏍奸櫟鍏?GRL,NY.GDP.PCAP.CD,,19275.43397,20652.8417,27459.87533,32023.68205,32489.72773,35458.2543,39780.94414,44366.78587,44918.84138,43988.52803,47186.876,45936.95628,47535.48838,50485.22441,44536.35497,48181.74535,50765.74947,54545.13586,53309.20359,54693.07668,57116.29577,,,
鍗卞湴椹媺,GTM,NY.GDP.PCAP.CD,1648.96579,1537.686636,1669.335175,1722.547019,1840.911849,2046.466117,2225.123475,2458.815739,2763.059882,2611.646328,2805.259602,3168.983706,3286.619593,3444.159718,3689.144725,3893.505218,4060.137556,4324.996079,4352.946518,4511.997552,4477.617618,4913.947129,5358.089638,5762.821746
鍏冲矝,GUM,NY.GDP.PCAP.CD,,,20909.95903,21877.31784,23618.82669,25631.97761,25709.93515,26605.43242,28112.23166,29054.05812,29719.79678,29926.20524,31653.75065,32530.75931,33900.14865,35165.70146,35930.65949,36779.00789,37195.95031,39274.94314,36482.9364,38074.87937,41833.15171,
鍦簹閭?GUY,NY.GDP.PCAP.CD,299.0746458,931.5747238,950.8669325,973.7425981,1033.310309,1084.065414,3135.605535,3608.286852,4008.962867,4209.132306,4581.761797,4947.221706,5444.397519,5556.912312,5472.688205,5640.415606,5870.878238,6178.665044,6048.386972,6405.824434,6775.709391,9860.872334,17913.49101,20765.35036,
楂樻敹鍏ュ浗瀹?HIC,NY.GDP.PCAP.CD,1204.643518,22119.28181,22968.47251,25651.83896,28502.73904,30103.65807,31763.25805,34720.66478,36964.53377,34172.57551,35835.93143,38853.65056,38757.33355,39073.84034,39502.08295,36650.44901,37140.55958,38873.8614,41180.34269,41457.38717,40262.86988,45229.27533,46632.84861,48752.71274,
涓浗棣欐腐鐗瑰埆琛屾斂鍖?HKG,NY.GDP.PCAP.CD,424.0565542,25230.37809,24665.83623,23977.17341,24928.10037,26649.63772,28224.09516,30593.95117,31515.52921,30697.53839,32550.13649,35142.48793,36730.7962,38403.77771,40315.37395,42432.16197,43734.19807,46160.42979,48537.56689,48359.0012,46109.22999,49770.56424,48826.05277,50531.73854,
娲兘鎷夋柉,HND,NY.GDP.PCAP.CD,1092.564007,1132.164875,1132.499653,1156.081627,1215.139954,1304.700392,1425.847801,1577.737892,1732.490627,1781.157036,1893.327227,2073.661211,2126.034747,2081.128435,2179.88172,2271.20266,2307.344684,2413.007656,2464.642415,2502.327443,2307.614943,2735.147515,3003.289968,3231.657245
閲嶅€虹┓鍥?(HIPC),HPC,NY.GDP.PCAP.CD,376.3214783,353.858263,373.0788756,411.0694409,460.4464694,512.7426515,584.531743,678.6664669,784.3456397,756.6602137,799.1850395,861.3492268,868.1549673,947.0744897,974.2521316,909.4943523,893.0105975,931.78788,968.1872953,976.3125476,959.1817376,1040.034107,1100.340765,1231.81257
鍏嬬綏鍦颁簹,HRV,NY.GDP.PCAP.CD,4953.651588,5364.838247,6219.581641,8190.111352,9718.973228,10443.52784,11502.75312,13757.60565,15889.43471,14475.96329,13731.28652,14694.99932,13508.6837,14136.39677,14187.96945,12285.30326,12821.17381,13902.63105,15460.41833,15563.81674,14808.46202,17789.93047,18466.09555,21865.45628
娴峰湴,HTI,NY.GDP.PCAP.CD,820.6000468,748.8211598,720.969568,578.9952911,683.1852982,775.8457041,828.8057003,984.5669834,1094.660584,1196.852871,1209.727335,1312.039536,1361.393966,1457.832212,1460.188986,1411.126847,1318.402682,1395.239452,1496.38049,1352.172042,1290.325387,1835.443941,1760.626357,1705.779055
鍖堢墮鍒?HUN,NY.GDP.PCAP.CD,,5276.033189,6655.333009,8419.430871,10301.70339,11223.3993,11489.56087,13940.90928,15772.33008,13077.30547,13217.5046,14234.47158,12984.83657,13715.07036,14294.25842,12717.0386,13104.69955,14621.2396,16425.20503,16786.21364,16131.95404,18755.10235,18353.29836,22141.86698,
鍙湁IBRD,IBD,NY.GDP.PCAP.CD,1474.433538,1477.369457,1482.329709,1646.224107,1939.123608,2291.475448,2689.147289,3305.748682,3924.244295,3766.342524,4533.452503,5311.687108,5583.762236,5827.573155,5959.318017,5525.004907,5513.077153,6032.457316,6376.206376,6459.056497,6171.879657,7289.992048,7651.517025,7832.149756
IBRD涓嶪DA,IBT,NY.GDP.PCAP.CD,1249.124171,1245.673614,1252.312783,1387.170522,1626.720859,1912.047929,2238.11252,2730.003213,3228.518332,3090.400078,3693.185549,4299.306686,4504.300205,4699.59848,4807.810768,4458.110831,4431.3044,4816.556697,5071.477806,5125.361189,4884.262425,5707.610643,5974.316584,6075.122993
IDA绺?IDA,NY.GDP.PCAP.CD,109.3493357,441.6158464,464.7379795,511.731752,584.2090551,661.7863668,771.7504442,883.6351757,1027.530089,980.1226111,1104.154616,1219.258317,1257.628914,1340.128859,1413.487017,1346.696932,1313.252079,1354.977107,1405.597172,1430.29037,1370.262578,1460.266755,1545.893118,1510.984397,
IDA娣峰悎,IDB,NY.GDP.PCAP.CD,605.0273251,587.7543753,629.7588009,693.5338882,820.1458999,946.7942539,1145.173797,1292.998154,1475.156954,1341.380979,1534.542403,1710.785605,1858.020474,1976.248372,2099.678521,1953.901452,1787.0344,1796.872873,1856.818763,1865.356055,1713.864579,1827.963106,1944.228147,1687.281337
鍗板害灏艰タ浜?IDN,NY.GDP.PCAP.CD,,732.3070934,881.0029136,1043.210584,1126.840044,1238.214476,1558.315628,1823.219763,2124.554839,2218.485419,3065.683484,3579.464425,3632.27254,3566.602845,3441.068085,3288.222697,3521.469435,3798.883262,3860.953531,4106.948562,3853.702888,4287.17314,4730.745489,4876.314327,
鍙湁IDA,IDX,NY.GDP.PCAP.CD,385.1740659,369.4406413,382.9385791,421.5412454,466.4063333,518.9331389,583.703214,677.0732904,801.1280412,796.7378871,884.9291612,968.3451938,950.9071629,1014.879832,1062.793302,1036.870897,1072.25259,1130.918143,1177.527642,1211.19959,1197.826556,1276.232716,1347.049598,1424.845979
椹仼宀?IMN,NY.GDP.PCAP.CD,,21819.71238,24471.07988,28861.61781,35564.60239,38135.85979,42627.50894,55040.2437,72276.77413,66156.10566,70587.31403,77808.85796,79329.20343,83207.65884,91885.45287,84753.51874,82025.94545,83481.30385,89393.82442,87127.5518,79513.53303,94299.96935,,,
鍗板害,IND,NY.GDP.PCAP.CD,442.7502189,450.3579005,469.149929,544.1431335,624.2588265,710.4880804,801.6683537,1021.887077,992.5195849,1094.949746,1347.519391,1445.461275,1429.321995,1432.843975,1553.883961,1583.998159,1707.508929,1950.104683,1966.254552,2041.428637,1907.042516,2239.613844,2352.613925,2480.792087
鐖卞皵鍏?IRL,NY.GDP.PCAP.CD,706.5510223,28282.40988,32705.43456,41203.52958,47754.20232,50933.02161,54329.16186,61396.41746,61353.10656,52133.09092,48679.40268,52692.78131,49411.73875,52619.21237,57278.25909,64311.82347,64292.65997,72499.32687,81248.31354,82508.46599,87567.1149,105561.1375,106194.7559,103887.8004,
浼婃湕浼婃柉鍏板叡鍜屽浗,IRN,NY.GDP.PCAP.CD,1650.013858,1881.022666,1891.257561,2208.996366,2672.422665,3132.050819,3618.916014,4687.991663,5377.411507,5415.522806,6291.194437,8025.687434,8114.080998,6222.741948,5672.063729,4952.733555,5477.037124,5753.115447,4631.78709,3831.278948,2988.781224,4334.792686,4405.092915,4465.63767
浼婃媺鍏?IRQ,NY.GDP.PCAP.CD,218.9178025,1435.695684,1266.159613,817.8878625,1328.371576,1762.393604,2276.554357,3128.990103,4542.96609,3714.71206,4461.751962,5775.542291,6477.596185,6650.352822,6249.39227,4440.141893,4334.420964,4759.284644,5646.689321,5671.856863,4295.189451,4868.494311,6504.124284,5565.126446,
鍐板矝,ISL,NY.GDP.PCAP.CD,32096.37226,28897.44394,32409.21615,39476.69785,47334.93065,56794.85016,57492.93425,69495.72674,56943.37045,41301.27322,43237.07295,47714.59223,45995.54788,49804.983,54576.74481,52951.68151,61987.92636,72010.14903,74452.18907,68452.23622,59023.56635,69325.90783,75314.08556,79636.95486
浠ヨ壊鍒?ISR,NY.GDP.PCAP.CD,1449.761409,20907.1143,19034.31757,19629.41451,20546.22917,21226.72139,22502.07222,25635.92684,30176.28651,28381.64494,31338.55689,34433.82261,33236.57312,36929.60422,38230.4954,36123.99079,37556.62729,40997.91102,42233.26103,44140.82894,44679.77158,52255.61591,54930.72616,52642.42675,
鎰忓ぇ鍒?ITA,NY.GDP.PCAP.CD,836.9058503,20571.47877,22463.52221,27618.94177,31425.82087,32171.79337,33684.72004,38031.97095,41095.40634,37388.45371,36184.71187,38851.38813,35235.79891,35747.70795,35750.71975,30387.12932,31126.32469,32554.14668,34746.34414,33812.78872,32091.48666,36852.54254,35635.74422,39003.3161,
鐗欎拱鍔?JAM,NY.GDP.PCAP.CD,423.6740982,3503.550267,3680.645517,3549.707584,3807.562931,4184.439749,4417.001271,4716.486125,5029.800953,4428.381533,4809.97738,5232.636449,5340.833332,5124.213014,4975.11327,5062.895565,5009.794501,5259.313341,5578.103461,5607.243007,4879.440246,5165.33781,6022.153411,6839.725039,
绾︽棪,JOR,NY.GDP.PCAP.CD,1570.610029,1632.29454,1706.267444,1775.676256,1940.086413,2087.870793,2342.634596,2506.205995,3241.652414,3435.833759,3718.465716,3946.855039,4169.504701,4311.219167,4191.180501,4042.756781,3986.71677,4065.616287,4145.439897,4170.1144,4022.040136,4183.499983,4332.251599,4455.505405
鏃ユ湰,JPN,NY.GDP.PCAP.CD,39169.35957,34406.18246,32820.79364,35387.03742,38298.98017,37812.89502,35991.546,35779.02454,39876.30397,41308.99684,44968.15623,48760.07895,49145.28043,40898.6479,38475.39525,34960.63938,39375.47316,38834.05293,39751.1331,40415.95676,40040.76551,40058.53733,34017.27181,33766.52683
鍝堣惃鍏嬫柉鍧?KAZ,NY.GDP.PCAP.CD,,1422.273318,1573.552199,1958.020502,2722.474078,3577.35804,5030.134947,6449.439311,8123.547059,6938.011757,8793.0759,11287.14649,12018.79665,13478.45963,12427.70946,10196.12263,7475.566887,8943.084168,9472.485273,9457.126147,8781.507978,9983.601036,11255.33964,12918.86613,
鑲凹浜?KEN,NY.GDP.PCAP.CD,102.8244175,410.7004525,402.9363856,442.8984573,463.6627813,523.4563124,699.8023706,840.2014395,915.5443547,1047.967832,1091.518731,1096.144998,1285.005362,1370.878852,1482.815663,1489.119598,1554.126103,1667.484472,1836.452755,1960.408089,1927.66459,2061.356221,2109.562885,1952.304579,
鍚夊皵鍚夋柉鏂潶,KGZ,NY.GDP.PCAP.CD,279.621767,308.4113267,321.7267754,380.5058288,433.2339157,476.5482398,543.1135125,721.771646,966.3885694,870.1988945,876.9544764,1117.401844,1168.622447,1269.663035,1264.526795,1105.65203,1103.274984,1221.390565,1283.520403,1421.999275,1229.517757,1349.997307,1739.720308,1970.15781
鏌煍瀵?KHM,NY.GDP.PCAP.CD,,327.5009843,350.1472766,386.6911239,444.1990675,525.7973251,612.2526486,731.6922951,866.2839998,875.7489362,952.2746163,1088.981528,1192.80263,1305.660097,1431.563965,1547.320104,1675.195557,1826.353917,2036.673776,2225.877055,2081.739142,2167.403242,2325.0305,2429.748535,
鍩洪噷宸存柉,KIR,NY.GDP.PCAP.CD,845.3675561,718.8337573,810.10895,1020.500502,1083.26859,1161.783727,1123.192683,1352.5783,1410.622495,1316.627346,1522.101102,1771.128945,1843.553469,1772.087069,1736.705301,1639.852743,1742.668124,1853.05113,1912.737981,1750.997509,1769.432118,2253.825001,2075.908441,2106.760004
鍦ｅ熀鑼ㄥ拰灏肩淮鏂?KNA,NY.GDP.PCAP.CD,221.5845861,10022.59192,10453.65871,10175.62954,10944.61837,11783.78672,13837.84953,14757.95798,16604.94486,16503.41193,16622.94579,17832.45729,17532.0559,18580.13019,20219.39542,20328.80035,21387.54155,22464.98996,22901.38164,23595.49232,18859.01904,18361.14497,21011.57442,22573.67248,
澶ч煩姘戝浗,KOR,NY.GDP.PCAP.CD,12257.02066,11561.20717,13165.08362,14672.80575,16496.13162,19402.50263,21743.47745,24086.41044,21350.42798,19143.85161,23079.26013,25097.59543,25459.1689,27179.51701,29252.93124,28737.43917,29280.44032,31600.73587,33447.15628,31902.4169,31721.29891,35125.5225,32394.68337,33121.37129
绉戝▉鐗?KWT,NY.GDP.PCAP.CD,,17374.23187,18512.7523,22690.65518,27552.28274,36122.61427,42946.63741,45709.41329,55585.18893,37907.10013,39212.27267,49169.6064,52155.22255,49651.04397,44368.78137,29882.21269,27323.68906,29047.65358,32067.96237,31707.87375,25236.07555,34043.54215,40077.23805,33729.79855,
鎷変竵缇庢床涓庡姞鍕掓瘮娴峰湴鍖猴紙涓嶅寘鎷珮鏀跺叆锛?LAC,NY.GDP.PCAP.CD,350.8565849,4121.552994,3661.552015,3690.371986,4151.880368,4958.194768,5713.840174,6667.544888,7617.553348,6979.948067,8634.477129,9973.994714,9826.019886,9978.513581,9914.63937,8337.145994,8011.610156,8843.085346,8504.73822,8305.989468,6940.278963,7996.407761,9129.466627,10180.70552,
鑰佹対,LAO,NY.GDP.PCAP.CD,318.7498522,320.3160054,313.3508171,355.0972162,409.2962983,466.061507,579.3919474,697.3230137,885.7473761,935.0323728,1125.916102,1361.547044,1563.565077,1812.517744,1981.039109,2121.013391,2303.22156,2432.430595,2545.107542,2589.32081,2583.777307,2526.05105,2046.404403,2066.949798
榛庡反瀚?LBN,NY.GDP.PCAP.CD,,4009.559298,4290.852838,4437.715885,4600.683714,4602.198046,4635.251412,5125.2581,5912.045328,7090.854939,7625.810516,7834.962571,8406.984056,8162.379294,7577.64133,7714.11,8089.012088,8608.21085,9174.536662,8905.880055,5561.19167,4045.373911,3654.358455,,
鍒╂瘮閲屼簹,LBR,NY.GDP.PCAP.CD,298.4853406,300.4638286,299.5364455,239.7795567,284.140224,287.4873334,320.5580862,374.2113081,451.7138563,448.386367,492.252808,568.0878655,638.3687515,710.7445709,706.7144901,692.5900824,714.6130631,699.2690957,692.2031271,658.1641808,616.787867,667.9661051,744.6171752,771.8871421
鍒╂瘮浜?LBY,NY.GDP.PCAP.CD,269.0380731,6312.800305,3718.294347,4674.099432,5773.763332,8079.249573,10048.84804,11144.94484,13906.14078,9551.054039,11600.90686,7593.839153,14975.89028,11951.71341,8926.420746,7458.489178,7525.802993,9965.832367,11196.58548,9963.194891,6650.338106,4935.827873,5986.636949,6172.812469,
鍦ｅ崲瑗夸簹,LCA,NY.GDP.PCAP.CD,5879.561914,5570.452471,5567.894284,6058.606221,6494.600349,6863.436419,7611.178567,7964.382115,8516.960755,8250.521807,8673.687203,9128.99442,9260.300066,9576.234634,10044.82184,10334.92256,10638.1902,11333.19639,11642.74032,11794.20565,8411.199418,10459.13212,13103.76217,13554.66519
鎷変竵缇庢床涓庡姞鍕掓瘮娴峰湴鍖?LCN,NY.GDP.PCAP.CD,385.728787,4326.548005,3839.098999,3862.063117,4385.822878,5229.823993,6047.6569,7035.723998,8077.940759,7495.040429,9183.197677,10333.7427,10344.62519,10491.08126,10583.19362,8759.806397,8461.785469,9311.411094,9034.707811,8830.900456,7444.660734,8596.355885,9714.936287,10796.86237,
鏈€涓嶅彂杈惧浗瀹讹細鑱斿悎鍥藉垎绫?LDC,NY.GDP.PCAP.CD,114.7731836,313.1993606,334.1428755,369.0777561,413.9288896,476.4147231,538.3612984,631.7264321,756.4095534,731.9627137,808.1681798,900.5100128,920.3567442,978.7373105,1028.077764,964.4497934,958.1743981,1024.162826,1065.22658,1097.76355,1081.797482,1153.750929,1265.525405,1306.234785,
浣庢敹鍏ュ浗瀹?LIC,NY.GDP.PCAP.CD,107.1929364,292.0916826,312.0286842,338.2800607,384.2080033,445.8178064,503.102894,595.0130989,695.7685492,673.1287263,720.0405877,759.6036342,699.3738333,703.2281812,734.4265831,705.461511,633.7014685,645.9847383,654.3451713,676.7098007,651.4533784,680.0527236,763.3227248,900.9632581,
鍒楁敮鏁﹀＋鐧?LIE,NY.GDP.PCAP.CD,,75067.80017,79795.17859,90108.36736,100280.8314,105295.057,114167.9392,130492.5953,143249.2273,126024.7146,141089.8128,158066.3694,148842.0351,172823.6078,178735.153,167187.1573,165375.4914,170547.0923,174988.7751,166907.8393,164671.0936,196783.7294,186400.2338,,
鏂噷鍏板崱,LKA,NY.GDP.PCAP.CD,846.4608133,803.5440266,834.9360149,946.3822551,1028.620681,1207.219948,1389.506256,1578.634511,1973.584769,2026.6594,2808.367792,3224.957363,3327.776124,3740.615893,3971.919131,4060.131397,4149.761055,4401.05567,4360.584735,4082.694049,3846.174496,3999.337647,3342.719896,3827.964956
涓綆绛夋敹鍏ュ浗瀹?LMC,NY.GDP.PCAP.CD,104.005764,552.5703718,571.9635117,636.9074118,719.2603941,813.930174,936.4791218,1125.941583,1224.054828,1254.577569,1484.051825,1628.266236,1692.331253,1761.337453,1872.373944,1841.845261,1891.002551,2017.256138,2076.456711,2152.161879,2057.146291,2300.761243,2423.841467,2415.598545,
涓綆鏀跺叆鍥藉,LMY,NY.GDP.PCAP.CD,1162.756639,1146.548088,1150.991879,1268.976837,1466.620302,1707.020598,1980.797437,2398.014403,2806.73796,2773.761588,3325.85341,3862.683057,4048.47846,4236.632272,4373.156291,4187.844069,4176.467505,4507.725907,4738.203403,4791.420883,4585.375759,5345.679193,5551.335146,5658.547496
鑾辩储鎵?LSO,NY.GDP.PCAP.CD,46.95178027,412.6774737,388.9233499,583.2700362,766.6858209,861.3814964,925.4674855,861.1884209,898.4825179,878.8479505,1119.475578,1280.733909,1217.930712,1151.037358,1173.537793,1121.198513,992.4918407,1069.366732,1170.655697,1082.057068,918.5825774,1066.586451,1029.995533,916.2829793,
寰屾湡浜哄彛绱呭埄,LTE,NY.GDP.PCAP.CD,1670.889478,1714.598314,1805.117734,2043.332604,2440.062105,2924.78065,3506.879798,4388.242029,5420.884874,5204.533041,6225.204366,7540.269254,8005.486485,8562.315979,8829.321674,8228.521903,8192.827243,9032.31848,9850.361151,9991.404016,9734.689593,11597.48556,12082.0001,12184.20708
绔嬮櫠瀹?LTU,NY.GDP.PCAP.CD,,3532.527874,4148.130915,5507.474342,6734.574871,7857.031488,9210.101182,12295.12128,14955.53455,11854.37111,11829.12261,14261.84338,14294.71786,15655.35133,16473.56782,14300.25537,14981.62081,16884.71003,19368.5391,19727.76075,20541.82499,23934.72849,25085.78406,27786.00578,
鍗㈡．鍫?LUX,NY.GDP.PCAP.CD,2261.177418,48440.14202,53005.73392,65689.32145,76544.91709,80988.13762,90788.80049,107475.3203,120422.1379,109419.747,110885.9914,119025.0572,112584.6763,120000.1407,123678.7021,105462.0126,106899.2935,110193.2138,116786.5117,112726.4397,116905.3704,133711.7944,125006.0218,128678.1899,
鎷夎劚缁翠簹,LVA,NY.GDP.PCAP.CD,3278.178964,3504.618295,4003.609358,4914.579928,6109.732652,7283.787381,9211.737447,13370.97895,15677.60809,11996.03227,11188.41917,12902.57405,13329.34999,14484.47153,15185.81458,13321.97531,13838.52668,15132.49583,17252.17104,17294.97516,17564.23215,20262.84339,20229.46136,22502.84299
涓浗婢抽棬鐗瑰埆琛屾斂鍖?MAC,NY.GDP.PCAP.CD,,15810.72277,16814.99264,18589.89983,23407.19937,25681.21673,29813.78772,35400.23347,38888.5118,40351.00356,52591.80352,67041.28231,76051.63123,87069.767,88310.81196,70070.2918,69074.0363,77704.92153,83761.81718,81967.69917,36976.25611,45376.31459,36909.95641,67476.52908,
鎽╂礇鍝?MAR,NY.GDP.PCAP.CD,174.7841339,1506.245239,1596.02063,1941.872559,2183.55542,2242.988281,2438.126465,2755.585938,3183.200439,3119.588623,3067.985352,3301.98877,3164.177246,3379.743164,3435.406982,3146.247803,3140.855469,3296.526611,3501.697998,3508.097656,3268.030273,3785.936279,3455.39624,3771.446289,
鎽╃撼鍝?MCO,NY.GDP.PCAP.CD,,82402.78096,90051.44599,111110.4513,125160.2281,130538.7426,143083.4611,184558.5566,204263.7971,169150.2673,161853.9206,179363.9842,165444.6514,184940.6638,195693.5707,170437.1012,173604.7536,170663.3752,188298.3157,193746.7856,176891.8865,223823.364,226052.0019,256580.5151,
鎽╁皵澶氱摝,MDA,NY.GDP.PCAP.CD,440.538684,507.4040763,570.7998662,682.319096,897.1784947,1034.391977,1183.024814,1531.216186,2110.553054,1898.439757,2436.799351,2941.362241,3044.808432,3321.043978,3289.957586,2749.551371,2847.087948,3453.267277,4156.44982,4405.334182,4375.778893,5274.605822,5738.424735,6729.412868
椹揪鍔犳柉鍔?MDG,NY.GDP.PCAP.CD,131.6920183,319.2832782,304.9417774,352.6200958,272.2007486,305.8120749,324.1468749,419.5480014,512.5798001,446.3152384,450.0093916,506.1636916,493.5111629,515.3015894,505.6849225,445.3200695,453.9707145,491.8668487,500.4571855,499.8188376,450.7716152,490.2062386,497.2425148,506.1593687,
椹皵浠ｅか,MDV,NY.GDP.PCAP.CD,2213.812351,3033.932345,3076.070072,3548.576701,4070.260946,3796.515465,5018.943354,5758.102869,6757.432809,6734.031656,7173.596018,7424.520411,7461.297037,8236.081779,8939.074166,9644.90655,9947.807447,10509.62881,11423.28384,11740.2724,7393.888654,10176.14388,11786.00915,12530.36024
涓笢涓庡寳闈炲湴鍖?MEA,NY.GDP.PCAP.CD,243.9203895,3028.863533,2944.473135,3206.885936,3697.371674,4335.684878,4977.189111,5749.015746,7011.103635,6161.91281,7103.441752,8379.04713,8823.396275,8500.600916,8372.742628,7228.308895,7156.796135,7340.268739,7732.442966,7590.754518,6650.853688,7801.403934,8986.098959,8499.843064,
澧ㄨタ鍝?MEX,NY.GDP.PCAP.CD,355.0751996,7952.764796,7983.033985,7434.074649,7849.667596,8671.758919,9512.635753,10134.33271,10523.76854,8423.569332,9728.800784,10664.4944,10744.13352,11216.80085,11391.37735,10021.23861,9097.923977,9649.278168,10084.79376,10369.55536,8841.27075,10314.05067,11385.40708,13790.02434,
椹粛灏旂兢宀?MHL,NY.GDP.PCAP.CD,,2394.345011,2566.067088,2539.330738,2566.08291,2658.652179,2754.269888,2892.28404,2817.605228,2906.63027,3095.45769,3319.398154,3514.265155,3677.906908,3735.239778,3764.344262,4229.809889,4592.834576,4858.120791,5292.339855,5661.967873,6258.611937,6322.828555,6678.342391,
涓瓑鏀跺叆鍥藉,MIC,NY.GDP.PCAP.CD,1236.425456,1221.819192,1226.222479,1353.777556,1566.726102,1825.529117,2121.941748,2573.087217,3015.081549,2984.353826,3590.836535,4182.813214,4398.517813,4610.542197,4763.025724,4565.927446,4566.492851,4939.463083,5202.510343,5267.927627,5049.558237,5906.22675,6137.817076,6254.08765
鍖楅┈鍏堕】,MKD,NY.GDP.PCAP.CD,1861.898998,1823.022677,1989.135373,2445.362864,2818.581456,3120.984014,3440.441106,4204.113288,5026.420299,4799.787228,4833.365868,5416.866729,5049.826539,5626.261157,5925.385922,5262.686719,5598.486226,5955.297386,6713.989254,6718.858266,6659.596511,7620.80297,7606.237525,8624.293609
椹噷,MLI,NY.GDP.PCAP.CD,256.199555,291.1594979,318.042432,371.6270164,416.2783444,461.4579203,493.6287065,564.1579583,658.4931833,662.8833881,670.369099,789.0627255,733.7389353,758.4755326,797.1545108,704.8216464,730.8549382,775.5364921,835.0867106,820.1973908,804.3439567,862.4674001,813.9650341,869.2702343
椹€充粬,MLT,NY.GDP.PCAP.CD,10348.48655,10357.70404,11251.20609,13593.9742,15212.12674,15831.34405,16653.60718,19444.1875,22315.31986,21176.31124,21946.60697,23516.96912,22878.31309,25346.52365,27356.60803,25481.89776,26409.62859,30259.39526,33332.19056,32412.26978,31796.82134,38027.38017,36142.20585,40395.76921
缂呯敻,MMR,NY.GDP.PCAP.CD,196.6195806,141.5256607,146.5983904,224.2926889,224.5088114,252.6851931,303.4950871,419.3757807,658.4424872,758.4429358,1010.534173,1213.628987,1202.665896,1199.095616,1293.000423,1166.733055,1229.197135,1272.822418,1298.213103,1425.989542,1490.216835,1242.721344,1158.05005,1233.196662
涓笢涓庡寳闈炲湴鍖猴紙涓嶅寘鎷珮鏀跺叆锛?MNA,NY.GDP.PCAP.CD,185.395388,1636.043389,1549.350817,1668.039091,1938.077293,2223.350026,2553.994171,3075.060612,3723.895082,3551.661077,4040.017546,4649.161669,4906.913136,4458.355277,4312.216413,3803.871106,3830.713009,3768.75975,3682.710255,3594.108764,3175.617067,3653.70377,4030.08693,3797.10418,
榛戝北,MNE,NY.GDP.PCAP.CD,1627.065119,1909.598702,2106.635068,2789.159065,3380.165121,3674.617924,4425.678873,5976.394145,7367.751909,6727.107767,6688.402596,7328.789431,6586.399703,7188.863616,7387.872969,6517.192675,7033.439624,7803.358245,8850.374925,8909.653876,7677.371321,9465.96153,10093.4387,12221.47755
钂欏彜,MNG,NY.GDP.PCAP.CD,476.0275508,524.4534836,570.2492132,643.1680689,794.154552,994.9001091,1329.891796,1627.687877,2127.426786,1703.327568,2625.218814,3736.042015,4328.890019,4340.143105,4126.239758,3838.92127,3619.900264,3645.967087,4107.642885,4347.546103,4001.251931,4517.61578,4993.514875,5838.631081
鍖楅┈閲屼簹绾崇兢宀?MNP,NY.GDP.PCAP.CD,,,19227.88942,18938.87284,18924.58319,17015.74879,16314.55786,15914.2193,16430.44619,14369.63398,14771.40375,13598.71661,14013.60033,14632.85189,15945.41761,17665.10075,24225.47417,31225.605,26509.36284,24496.66521,18220.83824,19455.50139,23785.75459,,
鑾姣斿厠,MOZ,NY.GDP.PCAP.CD,327.1262398,304.7921386,313.8866617,339.4887378,400.0569732,436.7738562,457.4876478,507.8749239,592.1591112,547.6971442,496.1858394,618.1764929,685.6857482,686.5056725,697.1426804,610.5637747,441.4897348,470.9385631,517.5072603,519.0925509,462.4338765,509.9078295,578.2516638,622.9856193
姣涢噷濉斿凹浜?MRT,NY.GDP.PCAP.CD,,651.8178402,648.8796439,732.0178208,823.5544571,998.9658342,1300.60368,1405.150162,1635.563062,1435.430108,1659.963697,1931.199755,1859.117332,1934.241031,1713.008653,1554.948979,1565.765757,1615.004013,1722.935289,1767.072711,1795.764596,1947.789184,1960.352401,2120.823204,
姣涢噷姹傛柉,MUS,NY.GDP.PCAP.CD,3981.983432,3908.556949,4073.060531,4858.265755,5460.608002,5354.029743,5695.975255,6574.663576,8030.052281,7318.12641,8000.376432,9197.042991,9291.236276,9764.644131,10366.35508,9507.871337,9965.725311,10841.68478,11643.4606,11403.25279,9011.042884,9068.973002,10239.79705,11613.04416
椹媺缁?MWI,NY.GDP.PCAP.CD,,215.4745249,428.2104398,383.3485969,404.6742484,414.361122,440.822149,475.1802617,554.0488204,625.8697299,683.1246947,763.0610004,558.4620883,496.9473683,529.513344,539.6053632,450.5061055,495.7696834,533.2031737,580.8898161,602.5074782,617.4475208,604.2697512,602.3436198,
椹潵瑗夸簹,MYS,NY.GDP.PCAP.CD,4083.528745,3943.799439,4184.031638,4465.321946,4939.248519,5555.5818,6158.407855,7168.930319,8371.821561,7191.432872,8899.345055,10217.10686,10600.57442,10713.64076,11013.31073,9648.679794,9476.534098,9862.548066,10901.802,10920.19176,9957.526267,10903.11164,11748.09193,11379.0861
鍖楃編,NAC,NY.GDP.PCAP.CD,35151.37419,35831.45447,36652.00313,38395.5453,40788.48304,43368.5717,45741.25143,47727.77338,48398.37226,46581.41233,48553.01607,50289.17195,51881.45897,53341.41642,54877.60407,55702.08946,56618.04796,58796.51685,61512.7212,63634.7861,62271.19692,69382.17285,75686.48983,79640.42962
绾崇背姣斾簹,NAM,NY.GDP.PCAP.CD,2156.675905,1915.589266,1772.075655,2569.247393,3403.154962,3685.773,4017.183472,4379.043137,4204.785554,4302.913741,5418.216334,5834.791768,5942.64681,5346.621311,5378.323262,4774.106509,4395.687762,5143.960723,5308.608134,4731.921032,3878.58983,4412.835569,4349.045322,4168.285211
鏂板杸閲屽灏间簹,NCL,NY.GDP.PCAP.CD,15329.72972,14482.36063,16104.55204,20768.10615,24475.64885,25528.29184,28193.25376,35177.65353,35723.90332,33836.49408,35798.90848,38835.94019,35559.5672,36671.15668,37816.95586,30858.72371,30782.85444,32354.71028,34902.89688,33411.33588,33270.3306,35311.55436,33516.36309,
灏兼棩灏?NER,NY.GDP.PCAP.CD,128.2512014,205.4179361,225.2943911,265.2253635,283.4682818,318.6431219,333.3450784,387.1680659,475.0449554,461.131534,474.4256923,510.7595618,528.5101045,552.1033344,565.3098973,485.6625742,502.7064754,521.80413,578.5680357,561.6913043,579.5124958,608.7224396,609.7451476,642.9379179,
灏兼棩鍒╀簹,NGA,NY.GDP.PCAP.CD,547.3182989,566.4282318,712.1648521,763.3887454,962.4810419,1211.377035,1599.538916,1815.526975,2154.105435,1820.486339,2202.25673,2418.41317,2633.197347,2872.790834,3088.721313,2585.733607,2070.412734,1876.340271,2057.879446,2265.155209,2019.657063,2017.274865,2139.374785,1596.636961
灏煎姞鎷夌摐,NIC,NY.GDP.PCAP.CD,1017.312443,1051.874236,1014.333904,1021.352167,1098.621187,1183.302173,1248.17676,1350.389546,1523.68089,1467.080196,1526.561853,1679.710342,1784.692128,1835.434364,1958.369665,2074.454465,2131.688285,2182.618751,2035.167501,1958.621329,1931.615158,2128.609806,2325.167379,2612.870662
鑽峰叞,NLD,NY.GDP.PCAP.CD,26225.16977,26955.7128,29446.53309,35896.75046,40611.34144,42165.39617,45123.54324,52100.79963,58246.70269,53172.02616,51305.73385,54701.7728,50473.9442,52602.28605,53457.22349,45793.81354,46808.52915,49513.68173,53955.077,53554.90075,53467.92774,60141.98809,59123.31856,64572.00596
鎸▉,NOR,NY.GDP.PCAP.CD,38178.23688,38601.89764,43170.55717,50250.32982,57768.6981,67047.17046,74434.49968,85502.26771,97503.54078,80347.57007,88163.20859,101221.8135,102175.9193,103553.8401,97666.69518,74809.9658,70867.361,76131.8384,82792.84271,76430.58895,68340.0181,93072.89251,108798.4512,87925.09442
灏兼硦灏?NPL,NY.GDP.PCAP.CD,50.21252337,240.7951145,238.891403,246.4297066,279.58775,309.0241683,340.4317964,385.4497677,464.8173919,473.0787512,585.278492,785.5186562,788.2029371,803.2695954,821.4552249,875.5436355,877.2564547,1034.283749,1179.198432,1203.142947,1154.215176,1252.750767,1385.910663,1377.626036,
鐟欓,NRU,NY.GDP.PCAP.CD,2648.601529,2232.30874,2084.648245,2463.282591,3040.513499,2992.403828,2910.141458,2272.152913,3756.845312,4410.567647,4735.920005,6480.904513,9817.368722,8974.518869,9193.097844,7703.431499,8724.307003,9613.412091,11408.69476,10776.82846,10695.69933,14989.66475,13287.27119,12982.76121
鏂拌タ鍏?NZL,NY.GDP.PCAP.CD,2334.133825,13882.85683,16874.18749,21913.70817,25420.23488,27751.06547,26654.5932,32479.98174,31252.96256,28209.36233,33676.77412,38388.52809,39974.29973,42977.38804,44578.22539,38639.35019,40070.89566,42913.18696,43228.69765,42747.20993,41785.69229,49624.18167,48216.50958,48280.81142,
缁忓悎缁勭粐鎴愬憳,OED,NY.GDP.PCAP.CD,23025.5007,22648.14382,23456.50711,26047.31943,28793.36493,30239.74384,31680.21494,34439.65622,36287.74157,33710.38272,35124.60303,37600.19643,37325.20219,37624.06404,38167.82031,35784.87052,36253.80028,37639.27819,39573.04475,39764.82161,38686.3274,43133.78607,44026.85925,46724.01571
闃挎浖,OMN,NY.GDP.PCAP.CD,9753.847552,9611.963602,9869.130502,10463.54258,11800.85074,14434.85779,16930.85651,18792.65377,26576.77924,20655.91802,23570.17981,25188.00742,24642.29788,23458.02338,23160.65023,18808.30779,17110.18975,17820.06618,19901.76156,19180.18642,16784.86306,19403.46002,23665.63947,21549.83687
鍏朵粬灏忓浗,OSS,NY.GDP.PCAP.CD,5414.341772,5324.245872,5684.083168,6870.218769,8042.061149,8975.373976,9876.141664,11624.58884,12581.17147,10734.50419,11292.769,12759.23054,12547.69603,12935.07867,13159.4094,11735.68808,12174.15742,13345.55449,14455.77575,14425.24701,13071.22362,15120.10408,16066.27297,16728.26757
宸村熀鏂潶,PAK,NY.GDP.PCAP.CD,642.3383465,609.9395069,599.9373457,672.4417867,771.9022473,827.6198612,900.873565,998.0901142,1067.043246,963.7880664,987.3045711,1131.735138,1204.364755,1225.434012,1266.613408,1380.470208,1424.691612,1519.234595,1569.338146,1390.41691,1278.397352,1455.319224,1538.322813,1365.277432
宸存嬁椹?PAN,NY.GDP.PCAP.CD,477.037935,3991.776708,4090.586174,4264.664288,4644.565824,5017.741092,5528.767055,6317.817303,7347.590503,7796.92617,8331.464214,9662.295922,11064.80636,12273.3225,13213.19896,14082.65485,14832.36116,15694.62975,16151.32735,16477.90663,13290.56083,15509.80691,17332.43607,18686.4051,
绉橀瞾,PER,NY.GDP.PCAP.CD,1945.413385,1929.57273,2007.370196,2129.441142,2397.251473,2706.669473,3129.559965,3581.089308,4197.584446,4181.187555,5072.11494,5861.357936,6519.37853,6746.800257,6667.134104,6231.711503,6217.036,6736.166937,6978.491215,7037.008037,6133.325524,6826.972007,7363.272069,7906.585029
鑿插緥瀹?PHL,NY.GDP.PCAP.CD,269.4651465,969.5306117,1014.908793,1027.230119,1099.63013,1220.460186,1426.146492,1712.655433,1959.292335,1864.450434,2162.913759,2383.918925,2614.616444,2781.279577,2866.838038,2909.85818,2985.19564,3038.12125,3168.510366,3400.789498,3227.579102,3484.385939,3548.069306,3804.87258,
甯曞姵,PLW,NY.GDP.PCAP.CD,7797.257274,8239.639314,8340.537353,7862.04283,8395.136226,9639.658913,9885.147757,10408.43436,10582.73975,10155.43321,10229.08785,11000.87952,12145.36448,12768.90972,13726.02226,15690.75865,16762.57234,16034.13429,16197.72545,15841.19353,14556.58969,13257.20667,14392.19903,15899.42249
宸村竷浜氭柊鍑犲唴浜?PNG,NY.GDP.PCAP.CD,115.5304905,537.8474596,506.3317895,577.4679224,620.5961477,744.48649,1238.182829,1370.753416,1624.793199,1568.831934,1866.868899,2288.375911,2635.087363,2560.77459,2723.175298,2484.59634,2316.394798,2477.76531,2566.368337,2575.772743,2429.611346,2607.578619,3101.710632,2957.682625,
娉㈠叞,POL,NY.GDP.PCAP.CD,4520.641004,5015.2379,5223.45179,5720.813662,6711.727153,8043.923323,9068.855283,11272.52937,14048.56047,11556.30269,12567.73177,13867.66694,13087.42094,13621.90238,14262.28419,12637.52203,12464.01105,13913.34029,15658.21203,15874.52205,15987.57537,18635.51049,18891.21212,22056.66617
闋愪汉鍙ｇ磪鍒?PRE,NY.GDP.PCAP.CD,129.0216619,464.9396362,519.0463305,548.762783,663.796143,802.8009684,980.6796044,1153.860524,1397.629716,1229.776307,1394.914874,1569.074536,1656.472575,1764.452116,1816.54049,1501.738126,1300.835301,1320.997878,1432.129792,1469.632918,1313.17036,1404.303658,1567.280393,1453.262268,
娉㈠榛庡悇,PRI,NY.GDP.PCAP.CD,16192.12697,18123.1987,18731.45939,19557.12025,20988.99233,21959.3227,22935.94116,23664.88235,24898.33459,25768.72589,26435.74879,27278.88305,27944.73389,28513.16574,28981.45733,29763.4883,30627.1634,31108.75275,31615.06679,32916.8668,31427.42911,32619.25042,35268.0791,36779.05949
钁¤悇鐗?PRT,NY.GDP.PCAP.CD,376.9764303,11734.76497,12936.69282,15797.78213,18064.15809,18780.12751,19839.45405,22811.05648,24949.04136,23151.21541,22551.9351,23246.54254,20593.42742,21676.48596,22120.68501,19215.7813,19980.28089,21442.38428,23541.14011,23343.3629,22299.40441,24711.45101,24620.51956,27331.20949,
宸存媺鍦?PRY,NY.GDP.PCAP.CD,153.3752168,1637.686151,1367.765069,1443.998852,1786.215339,1970.871699,2439.431247,3211.936217,4384.954694,3941.848155,4750.962737,5805.401545,5642.169917,6435.683427,6652.254789,5879.337923,5775.159634,6152.267115,6258.449916,5821.181995,5365.472207,5976.931798,6205.625954,6276.351139,
绾︽棪娌宠タ宀稿拰鍔犳矙,PSE,NY.GDP.PCAP.CD,1476.17185,1335.553195,1156.217473,1257.69857,1422.190886,1543.701414,1570.1044,1664.245717,2035.202341,2191.781787,2557.075624,2880.798437,3067.438727,3315.297539,3352.112595,3272.154324,3527.613824,3620.360487,3562.330943,3656.858271,3233.568638,3678.635657,3799.95527,3372.349744
澶钩娲嬪矝鍥?PSS,NY.GDP.PCAP.CD,,1639.28207,1697.335617,1999.392454,2272.931605,2494.436445,2589.164899,2821.903732,2991.509761,2670.952962,2903.743184,3341.488281,3494.912442,3586.991156,3847.341922,3710.012348,3844.355132,4097.000933,4245.787184,4170.321181,3666.598981,3638.301407,3892.778333,4146.436206,
浜哄彛绱呭埄涔嬪緦,PST,NY.GDP.PCAP.CD,25863.32478,25491.59734,26457.73245,29520.52587,32637.93597,34181.50231,35777.59482,38821.58396,40878.79531,38302.26465,39764.70508,42607.66284,42350.28865,42626.33046,43293.49831,40778.34095,41527.36633,43153.61624,45562.86779,45916.41227,44858.11046,49980.40433,51063.61975,54041.53969
娉曞睘娉㈠埄灏艰タ浜?PYF,NY.GDP.PCAP.CD,,14640.93601,16004.05833,19582.89364,21764.22032,21984.19362,22330.86767,24888.17813,26592.02628,24434.21976,22494.80671,22831.51853,20846.54575,21955.63293,22258.63214,19166.95948,19690.07757,20826.93125,21925.61604,21582.5892,20746.27204,21982.90389,20738.65,,
鍗″灏?QAT,NY.GDP.PCAP.CD,,25870.79919,27226.65935,31602.47087,41035.50084,53949.67641,62582.44531,65954.34195,80781.40392,60785.73516,77387.32679,103261.5065,108470.3788,103697.0084,95840.63101,68985.2947,61253.63755,63279.85569,71039.84906,66841.30135,51683.50544,71751.88312,88701.46335,80195.87465,
缃楅┈灏间簹,ROU,NY.GDP.PCAP.CD,1659.929049,1825.192994,2119.855097,2679.40626,3494.990564,4618.003508,5757.531273,8360.337759,10435.15612,8548.454341,8399.537423,9560.675528,8929.953662,9497.674116,10031.77108,8977.017482,9404.540059,10727.9822,12502.26241,12992.03261,13082.30066,14986.78549,15557.88262,18404.27309
淇勭綏鏂仈閭?RUS,NY.GDP.PCAP.CD,,2100.352539,2377.529541,2975.123047,4102.364746,5323.455078,6920.199707,9101.239258,11635.28418,8562.824219,10674.99023,14305.33203,15401.85156,15941.44824,14055.47266,9277.713867,8663.158203,10658.91309,11211.8877,11447.70117,10108.32715,12521.52246,15445.24219,13817.0459,
鍗㈡椇杈?RWA,NY.GDP.PCAP.CD,39.37407281,237.3088462,234.0430168,249.012275,269.5404463,324.0168638,356.9950229,426.2341835,528.3263918,564.0390958,593.6249277,651.133678,706.8173175,704.9241902,724.9575212,733.998585,729.5191542,758.301003,771.773522,810.0514202,778.7015386,828.8330328,975.4693159,1010.268929,
鍗椾簹,SAS,NY.GDP.PCAP.CD,458.6347464,460.173373,474.0068874,543.2161783,619.149506,695.5457876,776.4071246,961.6141776,961.5695576,1033.694568,1245.085497,1351.502588,1352.072965,1370.088411,1479.96637,1528.46686,1663.620307,1874.949191,1907.381781,1952.013401,1843.195274,2131.302296,2239.516302,2303.30291
娌欑壒闃挎媺浼?SAU,NY.GDP.PCAP.CD,717.796629,10805.31133,10586.05435,11487.22041,13154.4979,15975.74738,17563.61454,18596.15026,22320.4889,17718.39116,22028.37902,26966.29416,28348.57301,27290.19781,27079.67339,22453.57155,21515.66001,23081.20453,28036.02647,27892.84215,23271.40376,28396.08642,34454.19577,32093.9623,
鑻忎腹,SDN,NY.GDP.PCAP.CD,362.1168823,451.2933044,506.2626343,580.3202515,705.1133423,905.5436401,1132.474609,1444.372192,1527.582397,1178.221802,1305.635986,1332.657227,1019.222107,1138.627808,1275.438354,1292.379639,1033.215942,966.5056763,731.0274658,709.9752808,577.7952271,712.1220093,1046.240845,2183.441406
濉炲唴鍔犲皵,SEN,NY.GDP.PCAP.CD,603.2331625,637.2135306,669.4304473,817.8880342,918.1020795,979.8461015,1017.201967,1188.938778,1398.79218,1308.694043,1275.883575,1374.675919,1326.837988,1379.831966,1398.891376,1218.006136,1266.439572,1356.805184,1452.556126,1431.181289,1461.087204,1598.10677,1564.745221,1706.44218
鏂板姞鍧?SGP,NY.GDP.PCAP.CD,428.0561834,21699.74149,22159.83737,23730.38401,27608.08001,29961.31728,33768.45282,39432.88602,40008.57205,38926.80544,47236.68308,53891.45703,55547.55531,56967.42579,57564.80231,55645.60686,56899.91818,61162.09739,66840.63734,66081.71992,61466.80368,79601.41296,88428.70242,84734.25592,
鎵€缃楅棬缇ゅ矝,SLB,NY.GDP.PCAP.CD,953.1719014,911.7919354,756.8902965,895.9892727,986.081904,1144.457585,1255.625891,1390.156966,1525.850924,1554.707237,1685.15499,1924.052773,2066.253523,2161.395736,2164.944239,2045.478895,2082.62989,2143.574652,2278.206339,2223.665026,2063.331015,1996.869768,2005.413993,2041.636491
濉炴媺鍒╂槀,SLE,NY.GDP.PCAP.CD,143.7437432,358.3156859,388.995136,413.817666,417.7500348,462.6333244,517.913366,578.6484174,650.6844222,624.8987979,648.1292295,718.1616807,904.840762,1146.416391,1140.927423,945.1481685,838.6316153,788.4868673,845.9145405,843.7125173,845.3138363,885.1842707,860.130884,757.858336
钀ㄥ皵鐡﹀,SLV,NY.GDP.PCAP.CD,1982.870935,2058.044591,2115.411874,2207.830895,2285.689074,2447.391408,2665.618072,2830.656938,2983.248296,2910.186518,3040.07301,3330.600495,3497.912569,3582.26694,3666.012489,3790.340891,3901.34015,4020.126714,4183.54621,4320.116715,3997.192796,4642.607431,5093.518339,5391.069262
鍦ｉ┈鍔涜,SMR,NY.GDP.PCAP.CD,37600.70774,39035.10343,41790.84327,52529.90937,58232.01762,59877.80058,63270.77808,70124.46344,75902.13205,62428.99433,56543.18982,55601.39297,47945.89917,50807.82891,51260.49383,43146.82404,44359.47977,45192.02798,47950.68806,46627.01224,44426.64634,54168.98283,54264.5705,
绱㈤┈閲?SOM,NY.GDP.PCAP.CD,62.73962794,244.9148425,229.5989183,286.2730252,375.4103262,439.9799078,457.9966622,479.6356281,507.0374433,246.5132517,219.2024539,235.3259456,350.2619467,393.398705,429.431656,445.5830786,460.928492,510.939953,509.5258024,539.8939316,518.1847785,549.1147435,573.1280925,597.4588546,
濉炲皵缁翠簹,SRB,NY.GDP.PCAP.CD,974.7254693,1812.420883,2390.734594,3153.901131,3597.087981,3807.974173,4492.71367,6081.087657,7376.735179,6414.044846,5970.926609,7082.286167,6263.040861,7040.418121,6886.678091,5820.321558,5982.370301,6548.036538,7559.861657,7755.632986,8098.709557,9680.527981,10022.96885,12281.50585
鎾掑搱鎷変互鍗楅潪娲插湴鍖猴紙涓嶅寘鎷珮鏀跺叆锛?SSA,NY.GDP.PCAP.CD,158.0786844,585.7198127,620.758666,761.062606,919.6228069,1061.939152,1218.881466,1373.031875,1514.162216,1407.110708,1619.291457,1770.933553,1790.538098,1851.425794,1878.738715,1627.664043,1445.514085,1535.068876,1604.663747,1610.17142,1472.996712,1612.770038,1686.891375,1621.261481,
鍗楄嫃涓?SSD,NY.GDP.PCAP.CD,,,,,,,,,1654.211535,1323.220687,1498.27035,1448.98435,1109.260501,1650.189434,1242.734502,1080.147186,,,,,,,,,
鎾掑搱鎷変互鍗楅潪娲插湴鍖?SSF,NY.GDP.PCAP.CD,158.1001471,586.6039265,621.7254317,761.9992551,920.7053907,1063.085644,1220.107244,1374.201192,1515.163722,1407.947229,1620.226166,1771.916738,1791.523629,1852.626975,1879.957137,1628.912857,1446.87391,1536.482685,1606.131358,1611.673635,1474.055311,1613.87686,1688.401084,1622.807051,
灏忓浗,SST,NY.GDP.PCAP.CD,5122.206154,5053.815295,5368.456119,6258.342921,7165.836777,7958.07276,8819.640669,10197.61244,10964.67578,9577.41205,10087.51447,11198.99958,11149.60783,11440.04492,11677.65873,10690.61751,10942.71225,11875.62876,12723.98127,12739.83887,11381.5579,13092.49757,14371.49359,15086.09155
鍦ｅ缇庡拰鏅灄瑗挎瘮,STP,NY.GDP.PCAP.CD,529.0893834,518.8805013,568.1025725,663.6962118,726.5608821,844.1691819,861.9707077,878.8857919,1081.868458,1128.280462,1045.209582,1219.801891,1210.792647,1382.575784,1489.676334,1298.109466,1434.870181,1555.794778,1825.599718,1935.293182,2167.220018,2362.588272,2389.737298,2940.933529
鑻忛噷鍗?SUR,NY.GDP.PCAP.CD,377.5793997,1714.648466,2202.340682,2516.10404,2887.772173,3453.428659,5002.657987,5530.176156,6576.085463,7129.576863,7943.604828,7949.888672,8851.240507,9043.192815,9108.189054,8813.617054,5644.206106,6049.521286,6665.741805,6629.667752,4755.392217,5029.848385,6084.438767,5494.074094,
鏂礇浼愬厠鍏卞拰鍥?SVK,NY.GDP.PCAP.CD,,5712.478028,6554.628084,8675.396337,10650.12901,11641.54103,13167.89547,16110.48173,18744.31923,16586.75278,16899.44868,18469.43543,17516.96911,18312.78051,18770.92899,16442.07609,16636.07691,17645.52987,19573.3717,19406.05897,19735.48583,22138.19498,21342.76667,24491.37719,
鏂礇鏂囧凹浜?SVN,NY.GDP.PCAP.CD,,10375.62559,11639.12978,14711.67487,17103.82978,17969.70959,19563.00506,23725.1596,27461.97642,24501.78973,23329.84177,24940.62848,22442.14179,23236.96553,24013.06821,20697.27485,21447.83778,23303.07771,25888.04811,25814.16872,25392.06511,29187.36938,28373.83823,32610.11092,
鐟炲吀,SWE,NY.GDP.PCAP.CD,29632.77361,27259.48067,29957.93877,37292.42143,42758.20155,43378.61521,46531.60011,53568.56455,55817.43927,46707.86732,52542.82741,60379.77482,57749.82513,60844.27671,59583.714,51197.95293,51820.39725,53300.85873,54181.90698,51773.04646,52653.75659,61174.96802,55296.93715,55516.83648
鏂▉澹叞,SWZ,NY.GDP.PCAP.CD,1668.974913,1467.538902,1351.865502,2060.184181,2581.241728,2945.363949,3035.061561,3180.861215,2999.828169,3239.757801,3992.951996,4312.342434,4347.995693,3910.063976,3740.692776,3393.533678,3223.920041,3831.425953,3986.105572,3894.329516,3442.321653,3926.486874,3852.085733,3610.608797
鍦ｉ┈涓?鑽峰睘),SXM,NY.GDP.PCAP.CD,,,,,,,,,,25528.41262,26403.81437,27317.51789,28149.09979,28529.73247,37134.91242,37839.62838,37308.61478,34701.30585,31708.31101,34861.46953,30150.89984,32548.43669,36476.63008,38077.54449
濉炶垖灏?SYC,NY.GDP.PCAP.CD,288.0581445,8153.298637,8864.169195,9070.284608,10827.67164,11802.11183,12782.99389,12669.30267,11265.43763,9747.091805,10934.79495,12110.09375,12337.15547,14821.29215,15188.19022,15333.10517,16566.9946,17480.36519,18440.23405,19141.51187,14041.47541,14982.91115,17167.19098,17879.23965,
闃挎媺浼彊鍒╀簹鍏卞拰鍥?SYR,NY.GDP.PCAP.CD,183.5250697,1186.829135,1183.247345,1220.179077,1368.114823,1533.901665,1718.783472,1937.611386,2429.124771,2462.201936,2730.614771,2952.143494,1897.66115,985.8926692,1060.591059,847.7316319,656.3490586,851.5020053,1098.066864,1109.53926,572.3552898,663.6142457,1051.671496,,
鐗瑰厠鏂鏂兢宀?TCA,NY.GDP.PCAP.CD,,18325.74581,17803.94718,18859.18903,21246.0098,24122.30282,28734.28731,29443.84088,31453.80829,24596.88681,23093.8431,23626.71335,22633.95275,22412.20694,23996.29101,25736.10163,26946.41785,25779.61224,27160.15796,27273.4377,17452.6578,23114.79021,26802.06738,30348.81144,
涔嶅緱,TCD,NY.GDP.PCAP.CD,163.1216637,194.3229533,219.061392,289.0876211,445.8507672,643.8079293,693.8545918,780.581406,905.6784319,781.143474,866.4396809,954.3168729,936.141445,946.1295831,982.5275631,747.5884485,668.0786361,640.1170485,695.6423937,678.1420357,622.0955434,660.7471926,671.7201476,680.6398779
涓滀簹涓庡お骞虫磱鍦板尯 (IBRD涓嶪DA),TEA,NY.GDP.PCAP.CD,965.9156055,1018.025081,1116.71958,1253.302033,1441.454268,1656.340649,1979.022054,2482.215108,3116.137036,3353.094235,4050.730807,4909.301567,5425.752997,5934.337562,6347.420969,6556.498726,6649.86736,7213.360718,8014.497663,8245.101611,8338.13776,9905.154404,10012.44947,10011.99413
娆ф床涓庝腑浜氬湴鍖?(IBRD涓嶪DA),TEC,NY.GDP.PCAP.CD,2043.079683,2079.66474,2339.237679,2877.400658,3719.986154,4655.781767,5626.528234,7237.145382,8939.125219,7062.978743,8267.959629,10016.56102,10406.9547,10951.22409,10293.72034,8001.112292,7649.906658,8555.476386,8884.712914,9027.507095,8443.061591,10010.77441,11351.00797,11977.33988
澶氬摜,TGO,NY.GDP.PCAP.CD,409.8898028,396.6926545,445.2386915,538.1653778,560.2663085,551.25985,552.5022713,607.5882245,718.9487864,720.6941688,704.9871642,783.9893805,762.3920476,826.5432595,855.5852849,751.0524051,772.5817871,792.7654872,851.1308069,826.2606541,853.5782203,939.6133738,898.7581544,985.6975126
娉板浗,THA,NY.GDP.PCAP.CD,2005.976945,1889.934325,2089.751831,2347.540013,2641.562687,2867.703834,3331.320435,3918.528174,4309.135093,4135.43987,4973.862888,5373.623283,5725.528028,6018.082447,5801.197892,5688.853354,5833.577156,6413.091825,7099.776501,7605.696578,6985.643939,7058.0695,6909.359975,7182.025258
濉斿悏鍏嬫柉鍧?TJK,NY.GDP.PCAP.CD,,168.6762854,186.9516383,233.5812485,305.7451586,333.9271509,401.0184033,516.9972106,703.3273759,664.7956557,737.3388832,833.6019782,952.4528197,1028.197043,1081.544029,956.9163109,788.7104817,829.4571476,834.2884046,871.0223729,834.3117155,896.7480534,1052.179495,1160.81187,
鍦熷簱鏇兼柉鍧?TKM,NY.GDP.PCAP.CD,,756.0349763,935.5408015,1228.948703,1379.230097,1604.016185,1996.593107,2414.96072,3605.503951,3707.978507,4058.53937,5143.619293,6053.874847,6599.645291,7164.145362,5759.497904,5686.98041,5828.481662,6125.051697,6648.034896,6592.60146,7051.202111,8156.35212,8232.65226,
鎷変竵缇庢床涓庡姞鍕掓瘮娴峰湴鍖?(IBRD涓嶪DA),TLA,NY.GDP.PCAP.CD,4388.926811,4222.902653,3714.295059,3728.671264,4252.783972,5103.92114,5926.835007,6927.842312,7989.397438,7386.620166,9115.010317,10277.12122,10277.90556,10420.64453,10507.14547,8617.552912,8302.174342,9165.48672,8877.722992,8654.862095,7240.560061,8382.654516,9483.706406,10553.71099
涓滃笣姹?TLS,NY.GDP.PCAP.CD,,587.8043556,533.9824764,534.9011537,474.4207673,487.4645554,464.6670018,540.1545842,628.1532193,686.5792958,813.0601773,939.0452411,1022.619032,1204.568415,1224.749578,1319.592974,1335.543901,1266.17768,1219.465986,1562.364589,1630.869354,2684.827044,2343.245247,1502.519638,
涓笢涓庡寳闈炲湴鍖?(IBRD涓嶪DA),TMN,NY.GDP.PCAP.CD,1649.666317,1639.142445,1553.437255,1672.335981,1943.506691,2230.535544,2564.446396,3090.140074,3742.104613,3566.43761,4056.240811,4668.631835,4927.285765,4471.074146,4322.949164,3809.846682,3834.136582,3770.440415,3684.084605,3593.386667,3174.944151,3653.411588,4032.804004,3802.179725
姹ゅ姞,TON,NY.GDP.PCAP.CD,1995.076503,1753.516595,1759.480333,1936.041237,2195.448741,2477.726409,2750.347582,2797.065552,3218.452996,2914.237908,3416.083581,3849.993708,4384.170583,4219.246595,4136.590138,4123.90324,3987.986262,4365.929328,4638.897743,4676.847903,4700.449328,4912.579506,4933.074791,
鍗椾簹 (IBRD涓嶪DA),TSA,NY.GDP.PCAP.CD,458.6347464,460.173373,474.0068874,543.2161783,619.149506,695.5457876,776.4071246,961.6141776,961.5695576,1033.694568,1245.085497,1351.502588,1352.072965,1370.088411,1479.96637,1528.46686,1663.620307,1874.949191,1907.381781,1952.013401,1843.195274,2131.302296,2239.516302,2303.30291
鎾掑搱鎷変互鍗楅潪娲插湴鍖?(IBRD涓嶪DA),TSS,NY.GDP.PCAP.CD,628.8724708,586.6039265,621.7254317,761.9992551,920.7053907,1063.085644,1220.107244,1374.201192,1515.163722,1407.947229,1620.226166,1771.916738,1791.523629,1852.626975,1879.957137,1628.912857,1446.87391,1536.482685,1606.131358,1611.673635,1474.055311,1613.87686,1688.401084,1622.807051
鐗圭珛灏艰揪鍜屽宸村摜,TTO,NY.GDP.PCAP.CD,6178.589756,6657.414669,6762.930808,8445.046535,9871.034198,12346.43731,14152.66074,16606.67536,21298.99453,14634.0565,16815.42474,19151.08702,20472.35743,21416.36608,22074.42631,20024.75466,17521.80075,17720.49724,18076.35656,17431.02693,15224.50835,17912.51062,22004.19979,20016.1503
绐佸凹鏂?TUN,NY.GDP.PCAP.CD,,2235.719816,2320.772381,2725.864315,3067.419364,3146.826074,3322.569336,3726.916729,4255.05008,4080.090324,4291.861209,4420.647722,4297.267825,4369.793458,4458.978955,4014.947737,3847.803544,3619.032473,3628.103665,3528.872133,3548.653637,3885.281665,3678.400234,3977.695166,
鍦熻€冲叾,TUR,NY.GDP.PCAP.CD,4192.443167,3045.55414,3583.197459,4637.882185,5960.778989,7303.013889,7953.07848,9711.223761,10843.50369,9012.999458,10622.70204,11300.78522,11713.28498,12578.18786,12165.22014,11049.99511,10970.04589,10695.5502,9568.835063,9215.440499,8638.739038,9743.212778,10674.50416,13105.65857
鍥剧摝鍗?TUV,NY.GDP.PCAP.CD,,1456.784094,1750.251751,2006.842499,2322.562651,2304.826943,2396.268443,2794.163101,3088.308774,2683.967495,3024.817079,3636.0814,3598.461631,3510.216401,3528.858581,3357.834177,3808.69755,4165.663387,4466.120349,5115.13076,4976.112541,5905.081981,5911.327271,6344.775019,
鍧︽灏间簹,TZA,NY.GDP.PCAP.CD,401.6981506,396.6387329,402.6490479,422.1835938,450.3852844,483.3348694,475.7467346,543.1983032,675.9772339,693.8235474,736.5301514,775.3927612,861.9699097,963.0571289,1022.748413,939.1273193,953.0107422,986.6740112,1023.106262,1063.32251,1117.415283,1159.856567,1207.853027,1224.489624
涔屽共杈?UGA,NY.GDP.PCAP.CD,55.37849761,236.0211889,241.9846884,250.7154366,292.381858,330.4054027,346.5182553,401.3891309,472.8426815,798.9470899,823.4881443,835.6200606,795.2228676,818.2854274,896.0547955,862.9346104,752.6965717,765.2183323,792.1657002,822.0570582,845.7664639,882.7917175,963.0673141,1002.309139,
涔屽厠鍏?UKR,NY.GDP.PCAP.CD,,800.4907227,903.0119019,1076.481567,1401.018066,1875.335083,2366.494141,3160.327637,4017.806641,2607.087646,3039.632324,3656.697998,3951.342285,4129.896973,3054.908203,2094.473877,2158.461182,2604.287598,3059.051758,3619.861572,3709.769287,4775.945801,4199.670898,5069.703125,
涓珮绛夋敹鍏ュ浗瀹?UMC,NY.GDP.PCAP.CD,155.7303623,1828.192615,1825.090371,2016.517431,2357.916299,2778.816706,3249.740939,3964.067124,4752.860356,4677.978481,5672.64254,6729.081927,7116.079535,7491.426552,7707.022103,7359.58787,7329.376311,7976.997206,8473.681989,8551.440962,8228.643366,9770.290697,10156.70472,10451.34455,
涔屾媺鍦?URY,NY.GDP.PCAP.CD,491.0317603,6382.761047,4149.761403,3671.123293,4168.660654,5284.25678,6001.332948,7222.054036,9423.965626,9881.395731,12641.05768,15132.26757,16259.59408,18335.25948,18322.42768,17125.90168,17009.75869,19184.66267,19249.94015,18315.73529,15789.68574,17888.21151,20691.9739,22797.81117,
缇庡浗,USA,NY.GDP.PCAP.CD,36329.97026,37133.6204,37997.74243,39490.30239,41724.6412,44123.39965,46301.98765,48050.22741,48570.05943,47194.95009,48650.66432,50065.97895,51784.41147,53409.75078,55304.31553,57040.20821,58206.61419,60322.26142,63201.04585,65604.68152,64411.37318,71318.30736,78035.17536,82769.41221
涔屽吂鍒厠鏂潶,UZB,NY.GDP.PCAP.CD,555.1492311,454.4158123,381.4092969,394.1640289,462.1714929,542.8358087,649.118167,824.0281923,1074.729288,1205.799355,1753.207302,2087.863861,2307.346491,2461.979474,2674.962838,2803.19018,2753.379514,2190.604116,1813.085308,2041.384807,1978.280519,2258.519641,2578.666894,2849.514611
鍦ｆ枃妫壒鍜屾牸鏋楃撼涓佹柉,VCT,NY.GDP.PCAP.CD,3768.955366,4071.086011,4303.279768,4499.614542,4873.489477,5157.393739,5744.827862,6398.191235,6598.905315,6463.787773,6551.96836,6527.689969,6713.807686,7072.467372,7168.828753,7353.735561,7656.900429,7988.04445,8428.126772,8743.332021,8395.099889,8481.305374,9471.146273,10520.44415
濮斿唴鐟炴媺鐜诲埄鐡﹀皵鍏卞拰鍥?VEN,NY.GDP.PCAP.CD,939.1977666,4920.393136,3652.098965,3229.505571,4269.089709,5432.485418,6739.380653,8331.62097,11262.45143,11596.60219,13646.30466,10843.92297,12901.41716,12403.1467,15943.61272,,,,,,,,,,
缇庡睘缁翠含缇ゅ矝,VIR,NY.GDP.PCAP.CD,,,30062.02251,31731.25662,35006.36144,40828.74609,41377.1466,44158.5054,39152.37507,38753.18254,39905.12842,38997.13732,37795.31926,34597.97669,33045.36438,34007.35294,35324.97489,35365.0693,36663.20876,38633.52989,39787.37417,42571.07774,44320.90919,
瓒婂崡,VNM,NY.GDP.PCAP.CD,404.0297841,419.2056776,445.1328618,497.1170892,565.4522846,710.74676,807.7566451,925.6403383,1163.831958,1226.169761,1683.161824,1950.925042,2185.117677,2359.517365,2546.384645,2577.568853,2735.060438,2956.109921,3222.310031,3440.900254,3534.039535,3704.193559,4116.385761,4282.088517
鐡﹀姫闃垮浘,VUT,NY.GDP.PCAP.CD,1460.238177,1350.183382,1340.715375,1566.513968,1774.318676,1873.991426,2034.792896,2333.705067,2603.608831,2546.383246,2815.18829,3163.186165,3004.784167,2979.796081,2967.70667,2746.591719,2869.999691,3159.927161,3206.689308,3207.446505,3042.987116,3107.203129,3265.396451,3515.236336
涓栫晫,WLD,NY.GDP.PCAP.CD,5494.398872,5387.584998,5521.932034,6112.918401,6800.190299,7271.026626,7780.409624,8657.730378,9392.542294,8793.141157,9514.760302,10454.23787,10550.13813,10718.52308,10881.33083,10142.14348,10188.26006,10731.65547,11288.88426,11334.84309,10916.68767,12352.73608,12737.31503,13169.59823
钀ㄦ懇浜?WSM,NY.GDP.PCAP.CD,,1453.870213,1527.557905,1798.124297,2189.260426,2550.042214,2663.291359,3038.619041,3373.606399,3279.182695,3524.247925,3821.506783,3934.603208,4023.525401,3982.680802,4084.360838,4147.070977,4307.59382,4231.814095,4351.942349,4099.660091,3947.645179,3869.466395,4330.178405,
绉戠储娌?XKX,NY.GDP.PCAP.CD,,,,,,,,,2877.393314,2794.866995,2987.545196,3538.947598,3410.655507,3704.558728,3902.494244,3520.628507,3759.449591,4009.317993,4384.186241,4415.997161,4310.888247,5270.426702,5290.947472,5960.158205,
涔熼棬鍏卞拰鍥?YEM,NY.GDP.PCAP.CD,,487.1412579,513.2414866,548.905883,627.6320234,734.1599085,809.7131276,890.3057681,1071.635833,969.2435099,1155.203053,1186.475006,1245.050683,1378.75003,1430.16421,1362.173794,975.3594067,811.1659639,633.887206,623.3761649,559.5646728,522.1735127,615.7020793,477.4090287,
鍗楅潪,ZAF,NY.GDP.PCAP.CD,3217.846934,2847.151919,2688.23676,4062.21756,5221.463337,5836.876633,6077.382934,6591.85536,6184.754743,6374.7056,7973.471958,8646.055711,8076.976785,7331.654674,6856.731371,6112.273825,5651.205852,6618.335083,6914.178032,6533.71121,5580.603831,6843.399419,6523.410978,6022.542542
璧炴瘮浜?ZMB,NY.GDP.PCAP.CD,221.5598489,396.548953,393.8646255,446.2901048,548.6859746,710.9820682,1051.717149,1118.731626,1375.50211,1136.241683,1451.10616,1624.868178,1710.050613,1820.718548,1707.485731,1295.877887,1239.085279,1483.465773,1463.899979,1258.986198,951.6443167,1127.160779,1447.123101,1330.727806,
娲ュ反甯冮煢,ZWE,NY.GDP.PCAP.CD,562.5569004,566.1076466,524.6772388,468.2341858,469.4846536,461.0282813,430.8091793,413.3025717,340.7401829,735.4445517,901.5544436,1037.25491,1238.60109,1362.300668,1372.212781,1386.422847,1407.415364,3448.082537,2271.853335,1684.027904,1730.413489,1724.387731,2040.552459,2156.034004
